guestID,visitDate,gender,age,married,pool,gym,status,endDate
6,2015-01-05,M,47,M,n,y,inactive,2017-08-01
7,2015-01-05,F,46,S,n,y,inactive,2016-11-01
10,2015-01-06,M,61,S,y,n,inactive,2016-12-01
17,2015-01-09,F,36,S,y,n,inactive,2017-01-01
24,2015-01-13,M,45,M,y,n,inactive,2016-09-01
28,2015-01-15,F,70,S,y,n,inactive,2017-10-01
31,2015-01-15,M,30,S,n,y,inactive,2019-05-01
36,2015-01-18,M,37,S,y,n,inactive,2017-03-01
40,2015-01-18,F,43,S,n,y,inactive,2017-09-01
45,2015-01-22,F,32,S,n,y,inactive,2017-09-01
46,2015-01-22,M,62,M,n,y,inactive,2017-04-01
49,2015-01-25,M,50,S,n,y,inactive,2016-12-01
51,2015-01-25,F,48,M,y,n,inactive,2016-08-01
55,2015-01-28,F,35,S,n,y,inactive,2017-12-01
58,2015-01-30,M,58,S,n,y,inactive,2017-03-01
61,2015-02-02,F,54,S,y,n,inactive,2017-10-01
69,2015-02-04,F,33,M,n,y,inactive,2016-10-01
70,2015-02-04,F,36,S,y,n,inactive,2017-07-01
71,2015-02-05,M,62,S,y,n,inactive,2016-11-01
72,2015-02-07,F,57,S,n,y,inactive,2016-07-01
75,2015-02-09,M,44,S,y,n,inactive,2016-07-01
79,2015-02-09,M,33,M,n,y,inactive,2017-05-01
81,2015-02-10,M,36,S,n,y,inactive,2016-12-01
82,2015-02-10,M,61,S,y,n,inactive,2016-07-01
86,2015-02-10,M,58,S,y,n,inactive,2017-03-01
88,2015-02-11,F,23,S,n,y,inactive,2017-02-01
89,2015-02-11,F,37,S,y,n,inactive,2017-06-01
91,2015-02-11,F,35,M,n,y,inactive,2018-08-01
92,2015-02-11,F,34,M,n,y,inactive,2016-10-01
94,2015-02-12,F,33,S,n,y,inactive,2017-04-01
96,2015-02-12,M,63,S,y,n,inactive,2017-07-01
97,2015-02-14,M,56,S,n,y,inactive,2017-03-01
98,2015-02-15,M,62,S,y,n,inactive,2017-08-01
100,2015-02-17,F,25,M,y,n,inactive,2016-12-01
103,2015-02-18,M,32,S,y,n,inactive,2016-01-01
105,2015-02-19,F,40,S,n,y,inactive,2017-03-01
110,2015-02-21,F,59,M,n,y,inactive,2017-06-01
112,2015-02-22,F,60,S,y,n,inactive,2016-09-01
113,2015-02-23,M,45,S,y,n,inactive,2016-12-01
118,2015-02-25,F,30,M,n,y,inactive,2016-09-01
119,2015-02-25,F,25,S,n,y,inactive,2017-12-01
121,2015-02-25,F,32,M,y,n,inactive,2017-07-01
123,2015-02-25,M,40,M,n,y,inactive,2018-01-01
134,2015-03-06,M,23,M,n,y,inactive,2017-03-01
136,2015-03-09,F,69,S,y,n,inactive,2016-03-01
138,2015-03-09,M,67,M,n,y,inactive,2017-10-01
140,2015-03-10,M,45,M,n,y,inactive,2016-10-01
141,2015-03-10,F,27,S,n,y,inactive,2017-01-01
143,2015-03-11,M,59,S,n,y,inactive,2017-05-01
144,2015-03-11,M,28,S,n,y,inactive,2017-10-01
145,2015-03-12,F,32,S,y,n,inactive,2017-08-01
146,2015-03-12,M,45,M,n,y,inactive,2017-06-01
149,2015-03-15,F,36,S,n,y,inactive,2017-02-01
151,2015-03-16,F,30,S,n,y,inactive,2018-01-01
156,2015-03-17,F,62,S,n,y,inactive,2016-07-01
160,2015-03-19,F,55,S,y,n,inactive,2017-05-01
163,2015-03-21,F,68,S,y,n,inactive,2017-01-01
164,2015-03-21,M,63,S,n,y,inactive,2016-06-01
166,2015-03-21,M,38,M,n,y,inactive,2018-02-01
171,2015-03-22,M,35,S,n,y,inactive,2016-12-01
174,2015-03-22,F,55,S,y,n,inactive,2018-05-01
175,2015-03-23,F,68,M,y,n,inactive,2016-06-01
180,2015-03-25,M,64,S,y,n,inactive,2017-07-01
185,2015-03-27,M,56,S,n,y,inactive,2016-09-01
186,2015-03-27,M,59,S,y,n,inactive,2016-07-01
189,2015-03-29,M,33,M,n,y,inactive,2017-10-01
192,2015-03-30,F,52,S,n,y,inactive,2016-12-01
196,2015-03-31,F,54,S,y,n,inactive,2017-03-01
198,2015-04-02,M,28,S,y,n,inactive,2017-07-01
201,2015-04-03,M,33,S,n,y,inactive,2018-05-01
202,2015-04-04,M,60,S,y,n,inactive,2017-10-01
203,2015-04-04,F,68,M,y,n,inactive,2017-08-01
205,2015-04-04,M,49,M,y,n,inactive,2017-09-01
207,2015-04-07,F,35,S,n,y,inactive,2016-12-01
208,2015-04-07,F,57,M,y,n,inactive,2016-08-01
209,2015-04-07,F,37,S,n,y,inactive,2018-10-01
215,2015-04-10,M,55,S,y,n,inactive,2017-03-01
222,2015-04-13,F,58,M,y,n,inactive,2017-12-01
224,2015-04-14,F,70,S,y,n,inactive,2016-09-01
232,2015-04-20,F,33,M,y,n,inactive,2017-09-01
236,2015-04-21,M,22,S,n,y,inactive,2018-10-01
237,2015-04-21,F,52,S,n,y,inactive,2018-02-01
243,2015-04-24,M,25,S,y,n,inactive,2016-05-01
248,2015-04-26,M,25,S,n,y,inactive,2017-02-01
249,2015-04-27,F,72,S,y,n,inactive,2016-12-01
250,2015-04-27,F,59,S,y,n,inactive,2016-07-01
252,2015-04-28,F,33,S,y,n,inactive,2016-01-01
256,2015-04-30,F,35,M,y,n,inactive,2016-07-01
257,2015-05-01,F,56,S,y,n,inactive,2017-07-01
258,2015-05-01,F,37,S,n,y,inactive,2016-05-01
259,2015-05-02,M,43,S,n,y,inactive,2017-02-01
260,2015-05-02,M,54,S,y,n,inactive,2016-10-01
263,2015-05-03,M,32,M,n,y,inactive,2016-12-01
264,2015-05-04,F,49,S,y,n,inactive,2016-11-01
269,2015-05-07,F,36,S,n,y,inactive,2018-08-01
271,2015-05-08,F,18,S,n,y,inactive,2016-10-01
272,2015-05-08,M,45,M,n,y,inactive,2017-10-01
273,2015-05-09,M,34,S,y,n,inactive,2017-02-01
284,2015-05-14,M,49,M,n,y,inactive,2017-05-01
285,2015-05-14,M,37,S,n,y,inactive,2018-02-01
286,2015-05-15,M,66,M,n,y,inactive,2016-12-01
287,2015-05-16,M,59,S,y,n,inactive,2017-12-01
297,2015-05-21,M,52,S,n,y,inactive,2017-10-01
299,2015-05-22,F,37,S,n,y,inactive,2016-12-01
305,2015-05-24,M,65,S,y,n,inactive,2016-08-01
306,2015-05-24,M,52,S,y,n,inactive,2017-01-01
308,2015-05-26,F,27,M,n,y,inactive,2016-12-01
310,2015-05-26,F,34,S,n,y,inactive,2016-10-01
312,2015-05-27,F,46,S,y,n,inactive,2018-03-01
316,2015-05-30,F,27,S,n,y,inactive,2017-01-01
322,2015-06-01,M,36,S,n,y,inactive,2017-08-01
324,2015-06-01,F,34,M,n,y,inactive,2017-11-01
325,2015-06-02,F,33,S,n,y,inactive,2017-04-01
329,2015-06-07,F,72,S,n,y,inactive,2017-07-01
330,2015-06-07,M,57,S,y,n,inactive,2017-01-01
335,2015-06-10,M,61,S,y,n,inactive,2017-08-01
337,2015-06-11,F,54,S,y,n,inactive,2017-02-01
339,2015-06-13,F,33,M,y,n,inactive,2017-01-01
340,2015-06-13,F,49,S,n,y,inactive,2016-07-01
341,2015-06-15,M,48,S,y,n,inactive,2017-01-01
343,2015-06-16,F,53,S,n,y,inactive,2016-11-01
348,2015-06-18,F,67,S,y,n,inactive,2017-02-01
349,2015-06-18,M,32,S,n,y,inactive,2017-06-01
351,2015-06-18,F,30,M,n,y,inactive,2016-12-01
354,2015-06-20,F,50,M,y,n,inactive,2018-07-01
357,2015-06-20,M,34,M,y,n,inactive,2017-01-01
358,2015-06-21,F,47,S,n,y,inactive,2017-01-01
359,2015-06-22,F,28,M,y,n,inactive,2017-04-01
361,2015-06-24,F,18,S,n,y,inactive,2017-05-01
366,2015-06-26,M,47,S,n,y,inactive,2017-02-01
369,2015-06-28,F,61,S,n,y,inactive,2017-11-01
376,2015-07-01,F,29,S,n,y,inactive,2017-09-01
377,2015-07-02,M,56,S,y,n,inactive,2017-11-01
378,2015-07-02,M,70,S,y,n,inactive,2016-02-01
379,2015-07-02,F,36,S,n,y,inactive,2017-06-01
380,2015-07-02,F,31,S,y,n,inactive,2017-06-01
385,2015-07-04,M,60,S,n,y,inactive,2018-02-01
388,2015-07-06,M,31,S,n,y,inactive,2017-01-01
391,2015-07-08,M,40,S,n,y,inactive,2017-05-01
393,2015-07-09,M,36,M,n,y,inactive,2018-04-01
401,2015-07-12,M,51,S,n,y,inactive,2018-02-01
402,2015-07-12,F,58,S,y,n,inactive,2018-04-01
407,2015-07-14,F,33,M,y,n,inactive,2017-05-01
409,2015-07-16,M,41,S,n,y,inactive,2017-12-01
410,2015-07-16,F,33,S,n,y,inactive,2017-02-01
412,2015-07-17,M,43,S,y,n,inactive,2017-03-01
414,2015-07-18,M,29,S,n,y,inactive,2017-02-01
417,2015-07-19,M,57,S,n,y,inactive,2016-10-01
418,2015-07-19,F,42,S,n,y,inactive,2017-04-01
419,2015-07-19,M,43,S,y,n,inactive,2016-08-01
420,2015-07-20,M,65,S,y,n,inactive,2017-08-01
425,2015-07-21,M,55,S,y,n,inactive,2016-10-01
427,2015-07-22,F,45,S,n,y,inactive,2016-12-01
429,2015-07-22,M,40,S,y,n,inactive,2017-09-01
430,2015-07-22,F,62,S,y,n,inactive,2016-11-01
432,2015-07-24,M,50,M,y,n,inactive,2017-02-01
433,2015-07-25,M,46,M,y,n,inactive,2017-03-01
435,2015-07-26,F,30,S,n,y,inactive,2016-09-01
437,2015-07-28,F,54,S,n,y,inactive,2017-07-01
441,2015-07-29,M,54,S,y,n,inactive,2017-01-01
448,2015-08-01,F,56,S,n,y,inactive,2017-04-01
452,2015-08-02,F,62,S,y,n,inactive,2017-03-01
453,2015-08-03,M,36,S,n,y,inactive,2017-05-01
456,2015-08-04,M,36,S,y,n,inactive,2016-08-01
463,2015-08-06,M,39,S,y,n,inactive,2018-07-01
467,2015-08-10,M,64,S,n,y,inactive,2016-08-01
471,2015-08-11,F,47,M,y,n,inactive,2016-12-01
472,2015-08-11,M,24,M,n,y,inactive,2017-12-01
477,2015-08-11,M,81,S,y,n,inactive,2017-04-01
479,2015-08-12,F,39,M,y,n,inactive,2016-07-01
480,2015-08-13,M,29,S,n,y,inactive,2018-10-01
484,2015-08-14,M,24,S,n,y,inactive,2017-03-01
487,2015-08-15,M,57,S,y,n,inactive,2017-07-01
491,2015-08-17,M,24,S,n,y,inactive,2018-01-01
494,2015-08-18,F,32,S,n,y,inactive,2016-11-01
498,2015-08-20,M,69,M,y,n,inactive,2017-09-01
499,2015-08-21,M,26,M,n,y,inactive,2017-05-01
501,2015-08-23,M,33,S,y,n,inactive,2017-03-01
505,2015-08-25,M,34,S,n,y,inactive,2018-04-01
506,2015-08-26,M,68,S,y,n,inactive,2017-06-01
509,2015-08-31,M,32,S,n,y,inactive,2018-12-01
513,2015-09-02,M,40,S,n,y,inactive,2017-06-01
515,2015-09-03,F,48,S,n,y,inactive,2016-11-01
516,2015-09-04,F,33,S,n,y,inactive,2016-11-01
519,2015-09-07,F,31,S,n,y,inactive,2017-12-01
521,2015-09-08,F,40,S,y,n,inactive,2018-11-01
527,2015-09-12,M,52,M,n,y,inactive,2017-10-01
528,2015-09-12,F,34,S,n,y,inactive,2017-02-01
529,2015-09-12,F,38,S,y,n,inactive,2016-09-01
530,2015-09-12,M,59,S,n,y,inactive,2017-06-01
535,2015-09-13,M,56,M,y,n,inactive,2016-08-01
538,2015-09-14,M,52,S,y,n,inactive,2016-05-01
539,2015-09-16,M,30,S,n,y,inactive,2017-08-01
540,2015-09-17,F,68,S,y,n,inactive,2018-11-01
542,2015-09-18,F,74,S,y,n,inactive,2018-06-01
543,2015-09-18,M,61,S,y,n,inactive,2018-01-01
544,2015-09-18,M,51,S,y,n,inactive,2017-12-01
545,2015-09-19,M,63,S,y,n,inactive,2018-01-01
546,2015-09-19,M,49,S,y,n,inactive,2016-07-01
549,2015-09-23,F,33,M,n,y,inactive,2017-07-01
552,2015-09-25,F,34,M,n,y,inactive,2016-09-01
553,2015-09-25,M,57,M,y,n,inactive,2017-06-01
555,2015-09-26,M,36,M,n,y,inactive,2016-08-01
556,2015-09-26,F,56,S,y,n,inactive,2018-09-01
561,2015-10-01,M,29,M,n,y,inactive,2017-11-01
563,2015-10-02,M,58,S,y,n,inactive,2018-04-01
567,2015-10-04,F,60,M,y,n,inactive,2018-07-01
571,2015-10-07,M,30,S,n,y,inactive,2016-10-01
572,2015-10-07,M,36,M,n,y,inactive,2017-10-01
573,2015-10-07,M,30,S,n,y,inactive,2016-12-01
575,2015-10-08,M,68,M,y,n,inactive,2017-07-01
580,2015-10-09,M,35,M,y,n,inactive,2018-02-01
581,2015-10-10,M,31,M,n,y,inactive,2017-12-01
587,2015-10-13,M,50,S,n,y,inactive,2017-10-01
589,2015-10-14,M,57,M,y,n,inactive,2018-02-01
592,2015-10-16,F,73,M,y,n,inactive,2018-05-01
593,2015-10-17,M,36,M,y,n,inactive,2018-05-01
595,2015-10-18,F,69,S,n,y,inactive,2017-08-01
598,2015-10-20,M,40,S,n,y,inactive,2017-02-01
599,2015-10-20,F,63,M,y,n,inactive,2018-11-01
600,2015-10-20,M,37,S,n,y,inactive,2017-10-01
601,2015-10-21,F,60,S,y,n,inactive,2017-11-01
602,2015-10-22,M,57,M,y,n,inactive,2018-08-01
611,2015-10-26,F,54,S,y,n,inactive,2017-07-01
615,2015-10-27,F,42,S,y,n,inactive,2017-07-01
616,2015-10-27,M,35,S,y,n,inactive,2017-01-01
621,2015-10-29,M,65,S,n,y,inactive,2017-04-01
623,2015-10-29,M,35,S,n,y,inactive,2017-03-01
624,2015-10-29,M,54,S,n,y,inactive,2017-01-01
628,2015-11-02,M,58,S,n,y,inactive,2018-01-01
637,2015-11-06,M,68,S,y,n,inactive,2016-09-01
638,2015-11-06,F,54,M,n,y,inactive,2018-05-01
639,2015-11-06,F,60,S,y,n,inactive,2017-01-01
644,2015-11-07,M,69,S,n,y,inactive,2019-07-01
647,2015-11-09,F,66,M,y,n,inactive,2018-04-01
649,2015-11-09,F,59,S,n,y,inactive,2017-08-01
650,2015-11-10,F,51,S,n,y,inactive,2017-10-01
651,2015-11-10,F,54,M,y,n,inactive,2018-04-01
652,2015-11-11,M,61,S,y,n,inactive,2017-04-01
653,2015-11-11,M,41,S,n,y,inactive,2017-05-01
656,2015-11-14,F,30,S,n,y,inactive,2018-05-01
657,2015-11-16,F,62,S,y,n,inactive,2017-11-01
659,2015-11-18,M,66,M,n,y,inactive,2017-07-01
660,2015-11-18,F,31,S,n,y,inactive,2019-07-01
661,2015-11-19,F,66,M,y,n,inactive,2017-10-01
663,2015-11-20,F,74,S,y,n,inactive,2017-12-01
665,2015-11-24,M,26,S,n,y,inactive,2018-09-01
666,2015-11-26,M,65,S,n,y,inactive,2017-11-01
667,2015-11-26,M,58,M,y,n,inactive,2017-07-01
668,2015-11-27,M,53,S,y,n,inactive,2017-08-01
670,2015-11-28,F,35,S,y,n,inactive,2017-08-01
673,2015-11-29,M,26,S,n,y,inactive,2017-04-01
675,2015-11-30,M,57,M,y,n,inactive,2017-07-01
680,2015-12-02,F,80,M,n,y,inactive,2019-05-01
681,2015-12-02,F,44,S,n,y,inactive,2017-05-01
682,2015-12-02,M,51,S,n,y,inactive,2017-06-01
685,2015-12-04,F,28,S,n,y,inactive,2017-11-01
687,2015-12-04,M,65,S,y,n,inactive,2018-03-01
689,2015-12-06,F,22,M,n,y,inactive,2019-01-01
693,2015-12-08,F,58,M,y,n,inactive,2018-10-01
694,2015-12-08,F,28,S,n,y,inactive,2017-04-01
698,2015-12-10,F,52,S,n,y,inactive,2018-03-01
699,2015-12-10,M,74,S,n,y,inactive,2017-05-01
706,2015-12-12,M,28,S,n,y,inactive,2018-06-01
709,2015-12-13,M,53,S,y,n,inactive,2017-08-01
712,2015-12-14,F,58,M,n,y,inactive,2017-02-01
713,2015-12-15,F,36,S,n,y,inactive,2017-12-01
714,2015-12-16,M,67,S,y,n,inactive,2019-04-01
717,2015-12-17,F,59,S,n,y,inactive,2018-05-01
723,2015-12-20,M,36,S,y,n,inactive,2017-04-01
724,2015-12-22,M,30,S,n,y,inactive,2017-09-01
725,2015-12-23,M,36,M,n,y,inactive,2017-11-01
727,2015-12-24,M,28,M,n,y,inactive,2017-08-01
733,2015-12-28,M,60,M,n,y,inactive,2017-11-01
736,2015-12-29,M,51,S,y,n,inactive,2017-12-01
737,2015-12-30,F,36,S,n,y,inactive,2017-04-01
739,2016-01-01,M,25,S,n,y,inactive,2017-11-01
740,2016-01-01,F,68,M,n,y,inactive,2017-04-01
742,2016-01-02,F,68,S,y,n,inactive,2017-02-01
744,2016-01-02,M,35,S,n,y,inactive,2017-08-01
745,2016-01-02,F,27,S,y,n,inactive,2019-05-01
747,2016-01-03,M,45,S,n,y,inactive,2017-09-01
750,2016-01-05,M,56,S,y,n,inactive,2017-02-01
751,2016-01-07,M,33,S,n,y,inactive,2018-03-01
752,2016-01-07,M,58,S,y,n,inactive,2017-04-01
754,2016-01-12,F,42,S,y,n,inactive,2017-03-01
758,2016-01-13,F,58,S,y,n,inactive,2017-08-01
761,2016-01-14,F,42,M,y,n,inactive,2017-06-01
764,2016-01-14,M,36,S,n,y,inactive,2017-09-01
765,2016-01-14,F,56,S,n,y,inactive,2017-05-01
768,2016-01-16,M,34,S,y,n,inactive,2017-12-01
770,2016-01-16,F,61,S,y,n,inactive,2017-08-01
774,2016-01-17,F,41,S,y,n,inactive,2017-08-01
776,2016-01-18,M,57,S,n,y,inactive,2017-07-01
777,2016-01-18,F,33,M,n,y,inactive,2017-05-01
780,2016-01-22,F,52,S,n,y,inactive,2017-12-01
782,2016-01-25,F,66,M,y,n,inactive,2017-10-01
783,2016-01-25,F,61,S,y,n,inactive,2017-10-01
784,2016-01-26,M,25,S,n,y,inactive,2019-01-01
785,2016-01-26,M,49,M,y,n,inactive,2017-09-01
786,2016-01-26,F,46,S,y,n,inactive,2017-08-01
787,2016-01-26,M,37,M,n,y,inactive,2017-12-01
790,2016-01-28,F,61,S,y,n,inactive,2016-10-01
794,2016-01-30,F,62,S,y,n,inactive,2018-07-01
796,2016-02-02,M,64,M,y,n,inactive,2017-10-01
803,2016-02-04,M,60,M,y,n,inactive,2018-05-01
807,2016-02-05,F,55,S,n,y,inactive,2017-10-01
808,2016-02-07,F,33,M,n,y,inactive,2017-12-01
812,2016-02-11,M,41,M,y,n,inactive,2018-06-01
819,2016-02-15,M,34,M,n,y,inactive,2017-08-01
823,2016-02-17,M,43,S,n,y,inactive,2017-05-01
824,2016-02-17,M,58,S,y,n,inactive,2017-12-01
827,2016-02-20,M,58,S,y,n,inactive,2017-09-01
828,2016-02-20,F,39,M,y,n,inactive,2018-04-01
831,2016-02-20,F,43,S,n,y,inactive,2019-03-01
832,2016-02-21,F,64,M,y,n,inactive,2019-02-01
836,2016-02-23,M,69,M,y,n,inactive,2018-05-01
846,2016-03-01,M,66,S,n,y,inactive,2018-06-01
851,2016-03-03,F,25,M,n,y,inactive,2017-11-01
854,2016-03-03,F,44,S,y,n,inactive,2017-12-01
856,2016-03-05,F,30,S,n,y,inactive,2017-02-01
857,2016-03-06,M,60,S,n,y,inactive,2017-12-01
860,2016-03-07,F,66,S,y,n,inactive,2018-07-01
861,2016-03-07,M,55,S,y,n,inactive,2017-11-01
863,2016-03-08,M,56,M,y,n,inactive,2017-05-01
865,2016-03-09,M,20,S,n,y,inactive,2017-12-01
869,2016-03-12,M,39,S,n,y,inactive,2017-11-01
872,2016-03-13,M,53,S,y,n,inactive,2018-03-01
876,2016-03-15,M,56,M,y,n,inactive,2018-06-01
878,2016-03-15,F,57,M,n,y,inactive,2018-09-01
882,2016-03-16,F,32,S,n,y,inactive,2017-07-01
889,2016-03-20,F,41,M,n,y,inactive,2018-02-01
891,2016-03-24,F,59,S,y,n,inactive,2019-02-01
896,2016-03-27,F,57,S,n,y,inactive,2018-07-01
901,2016-03-28,F,66,S,y,n,inactive,2017-10-01
905,2016-03-29,M,39,S,y,n,inactive,2017-05-01
906,2016-03-29,F,30,M,n,y,inactive,2018-02-01
908,2016-03-29,M,23,S,n,y,inactive,2018-08-01
909,2016-03-30,M,48,S,y,n,inactive,2017-09-01
911,2016-03-31,F,46,S,n,y,inactive,2017-07-01
912,2016-03-31,F,33,S,y,n,inactive,2018-03-01
914,2016-04-01,F,57,S,n,y,inactive,2017-04-01
919,2016-04-04,M,25,S,n,y,inactive,2018-01-01
920,2016-04-04,M,59,M,y,n,inactive,2018-09-01
921,2016-04-05,F,56,S,y,n,inactive,2018-11-01
924,2016-04-08,F,41,S,n,y,inactive,2018-08-01
927,2016-04-08,F,18,S,n,y,inactive,2018-05-01
928,2016-04-09,M,20,S,y,n,inactive,2017-10-01
931,2016-04-10,M,34,S,y,n,inactive,2018-02-01
938,2016-04-13,F,24,M,n,y,inactive,2018-02-01
944,2016-04-16,M,26,M,y,n,inactive,2018-03-01
947,2016-04-18,M,42,M,y,n,inactive,2018-09-01
949,2016-04-19,F,42,M,n,y,inactive,2017-06-01
950,2016-04-19,F,32,S,n,y,inactive,2018-08-01
952,2016-04-21,F,28,S,n,y,inactive,2017-11-01
953,2016-04-22,M,46,S,n,y,inactive,2018-03-01
957,2016-04-26,M,64,S,y,n,inactive,2018-01-01
958,2016-04-26,M,62,S,y,n,inactive,2017-11-01
959,2016-04-26,F,46,S,n,y,inactive,2017-12-01
961,2016-04-28,M,61,S,y,n,inactive,2018-02-01
965,2016-04-29,F,53,M,y,n,inactive,2018-05-01
966,2016-04-29,F,31,S,n,y,inactive,2018-06-01
969,2016-04-30,M,44,M,n,y,inactive,2017-07-01
972,2016-05-05,M,30,M,n,y,inactive,2017-07-01
973,2016-05-05,M,54,M,y,n,inactive,2018-07-01
976,2016-05-11,F,63,S,y,n,inactive,2017-11-01
978,2016-05-11,M,35,S,n,y,inactive,2018-07-01
982,2016-05-13,M,64,S,y,n,inactive,2017-08-01
989,2016-05-19,M,58,M,n,y,inactive,2018-08-01
992,2016-05-20,M,38,S,y,n,inactive,2018-12-01
993,2016-05-20,M,38,S,y,n,inactive,2018-06-01
994,2016-05-21,M,57,S,y,n,inactive,2018-01-01
995,2016-05-21,F,50,S,n,y,inactive,2018-12-01
1000,2016-05-26,F,46,M,y,n,inactive,2018-04-01
1001,2016-05-26,M,38,M,n,y,inactive,2018-10-01
1003,2016-05-27,M,23,S,n,y,active
1004,2016-05-28,M,62,S,y,n,inactive,2018-03-01
1009,2016-06-02,M,24,S,n,y,inactive,2018-03-01
1013,2016-06-06,M,52,S,n,y,inactive,2019-07-01
1022,2016-06-10,M,51,S,y,n,inactive,2017-10-01
1023,2016-06-11,F,35,S,n,y,inactive,2019-05-01
1025,2016-06-11,F,34,M,n,y,inactive,2019-01-01
1027,2016-06-11,F,60,S,n,y,inactive,2018-06-01
1031,2016-06-12,F,37,M,n,y,inactive,2017-09-01
1035,2016-06-14,M,46,S,y,n,inactive,2017-12-01
1038,2016-06-15,F,52,S,n,y,inactive,2018-05-01
1039,2016-06-16,M,40,M,n,y,inactive,2018-08-01
1040,2016-06-17,F,27,S,y,n,inactive,2018-03-01
1042,2016-06-19,M,64,S,n,y,inactive,2018-02-01
1051,2016-06-24,M,67,M,n,y,inactive,2017-09-01
1052,2016-06-26,F,68,S,n,y,inactive,2017-08-01
1055,2016-06-27,M,37,S,y,n,inactive,2019-02-01
1062,2016-06-29,M,60,M,n,y,inactive,2018-01-01
1067,2016-07-01,M,54,M,n,y,inactive,2018-08-01
1068,2016-07-02,F,36,S,y,n,inactive,2019-01-01
1070,2016-07-03,M,64,S,n,y,inactive,2018-03-01
1072,2016-07-04,M,37,S,y,n,inactive,2018-08-01
1076,2016-07-07,F,30,S,y,n,inactive,2017-08-01
1077,2016-07-09,F,27,M,y,n,inactive,2018-01-01
1081,2016-07-13,F,33,M,n,y,inactive,2019-06-01
1083,2016-07-14,M,34,S,n,y,inactive,2019-02-01
1084,2016-07-14,F,38,S,y,n,inactive,2017-08-01
1085,2016-07-14,M,33,S,y,n,inactive,2017-10-01
1086,2016-07-17,F,56,M,y,n,inactive,2018-12-01
1095,2016-07-20,M,58,S,n,y,inactive,2017-12-01
1099,2016-07-22,M,56,S,y,n,inactive,2018-07-01
1106,2016-07-25,F,45,S,n,y,inactive,2018-04-01
1112,2016-07-29,F,40,S,n,y,inactive,2018-03-01
1113,2016-07-30,F,55,S,y,n,inactive,2018-10-01
1115,2016-07-30,F,57,S,n,y,inactive,2018-07-01
1117,2016-07-31,M,35,S,n,y,inactive,2017-11-01
1120,2016-08-02,M,33,S,n,y,inactive,2018-11-01
1126,2016-08-06,F,57,M,n,y,inactive,2017-10-01
1129,2016-08-10,F,57,M,y,n,inactive,2018-03-01
1131,2016-08-10,M,64,S,y,n,inactive,2018-05-01
1138,2016-08-14,M,39,S,y,n,inactive,2017-09-01
1140,2016-08-14,M,66,S,n,y,inactive,2018-06-01
1141,2016-08-15,M,46,S,n,y,inactive,2018-01-01
1145,2016-08-17,F,51,S,n,y,inactive,2017-12-01
1146,2016-08-17,F,64,S,n,y,inactive,2018-08-01
1149,2016-08-18,M,20,M,n,y,inactive,2017-07-01
1150,2016-08-19,F,76,S,y,n,inactive,2018-06-01
1153,2016-08-20,F,31,S,n,y,inactive,2019-02-01
1155,2016-08-21,F,67,S,y,n,inactive,2018-05-01
1156,2016-08-21,M,26,S,n,y,inactive,2018-03-01
1167,2016-08-28,F,23,S,n,y,inactive,2017-11-01
1169,2016-08-31,F,27,S,n,y,inactive,2018-04-01
1176,2016-09-07,M,63,S,y,n,inactive,2018-06-01
1177,2016-09-07,M,40,S,n,y,inactive,2018-07-01
1185,2016-09-09,M,36,S,n,y,inactive,2018-02-01
1187,2016-09-11,F,56,M,n,y,inactive,2018-06-01
1190,2016-09-14,F,62,S,n,y,inactive,2019-01-01
1195,2016-09-16,F,60,S,y,n,inactive,2017-11-01
1197,2016-09-18,F,58,M,n,y,inactive,2017-10-01
1204,2016-09-20,M,33,S,n,y,inactive,2018-05-01
1205,2016-09-20,M,66,S,y,n,inactive,2017-12-01
1214,2016-09-29,F,69,M,y,n,inactive,2017-09-01
1216,2016-10-01,M,20,S,n,y,inactive,2019-04-01
1217,2016-10-01,F,49,S,n,y,inactive,2018-07-01
1221,2016-10-03,F,56,S,y,n,inactive,2017-06-01
1225,2016-10-06,M,39,M,n,y,inactive,2018-03-01
1226,2016-10-07,F,41,S,n,y,inactive,2018-09-01
1227,2016-10-07,F,27,S,n,y,inactive,2019-03-01
1228,2016-10-08,M,55,M,y,n,inactive,2019-04-01
1229,2016-10-08,M,28,S,y,n,inactive,2018-12-01
1230,2016-10-08,F,55,S,n,y,inactive,2018-08-01
1231,2016-10-09,F,33,M,n,y,inactive,2018-11-01
1232,2016-10-09,F,35,S,n,y,inactive,2018-11-01
1234,2016-10-12,M,65,S,y,n,inactive,2019-01-01
1239,2016-10-16,M,65,S,n,y,inactive,2018-09-01
1240,2016-10-16,M,33,M,n,y,inactive,2017-11-01
1242,2016-10-17,M,68,S,y,n,inactive,2018-05-01
1245,2016-10-21,M,57,S,n,y,inactive,2018-08-01
1247,2016-10-22,F,32,S,y,n,inactive,2018-06-01
1249,2016-10-24,F,27,S,n,y,inactive,2018-08-01
1251,2016-10-26,M,18,S,n,y,inactive,2019-02-01
1253,2016-10-26,M,59,S,n,y,inactive,2017-12-01
1255,2016-10-27,F,30,S,n,y,inactive,2018-08-01
1256,2016-10-27,F,21,M,n,y,inactive,2018-07-01
1258,2016-10-28,M,45,S,y,n,inactive,2018-04-01
1261,2016-10-30,M,25,S,n,y,inactive,2018-10-01
1265,2016-11-01,M,51,M,y,n,inactive,2019-01-01
1267,2016-11-04,M,26,S,n,y,inactive,2018-12-01
1268,2016-11-04,F,45,S,n,y,inactive,2018-09-01
1269,2016-11-04,F,33,S,n,y,inactive,2018-04-01
1270,2016-11-05,F,69,S,n,y,inactive,2018-01-01
1271,2016-11-05,M,30,S,y,n,inactive,2018-11-01
1273,2016-11-06,M,39,S,y,n,inactive,2018-05-01
1275,2016-11-08,M,35,S,y,n,inactive,2017-11-01
1276,2016-11-09,M,36,S,n,y,inactive,2018-08-01
1278,2016-11-11,M,77,S,y,n,inactive,2019-04-01
1279,2016-11-12,M,21,M,n,y,inactive,2018-07-01
1287,2016-11-16,M,73,S,y,n,inactive,2018-03-01
1290,2016-11-17,M,60,S,y,n,inactive,2018-01-01
1291,2016-11-17,M,84,S,y,n,inactive,2018-03-01
1292,2016-11-18,F,46,M,n,y,inactive,2019-01-01
1293,2016-11-18,M,26,S,n,y,inactive,2017-12-01
1294,2016-11-20,M,47,S,y,n,inactive,2018-05-01
1295,2016-11-21,M,44,M,n,y,inactive,2018-05-01
1302,2016-11-23,M,63,S,y,n,inactive,2019-10-01
1306,2016-11-24,M,23,S,y,n,inactive,2018-05-01
1313,2016-11-29,F,31,S,n,y,inactive,2019-07-01
1315,2016-11-30,M,22,M,n,y,inactive,2018-10-01
1319,2016-12-02,M,51,S,y,n,inactive,2018-03-01
1321,2016-12-02,F,24,S,n,y,inactive,2018-05-01
1326,2016-12-05,F,61,S,y,n,inactive,2018-11-01
1327,2016-12-06,F,34,S,y,n,inactive,2019-06-01
1328,2016-12-06,M,25,S,n,y,inactive,2018-04-01
1330,2016-12-07,M,32,S,n,y,inactive,2018-10-01
1332,2016-12-08,M,59,S,y,n,inactive,2017-10-01
1335,2016-12-13,F,50,M,y,n,inactive,2018-04-01
1338,2016-12-15,M,60,S,y,n,inactive,2017-12-01
1341,2016-12-16,M,49,M,y,n,active
1347,2016-12-21,F,35,S,y,n,inactive,2018-10-01
1348,2016-12-22,M,57,S,n,y,inactive,2018-07-01
1350,2016-12-23,M,58,S,y,n,inactive,2018-05-01
1351,2016-12-23,M,54,S,y,n,inactive,2019-04-01
1352,2016-12-23,M,54,M,y,n,inactive,2018-02-01
1361,2016-12-26,M,60,S,n,y,inactive,2018-04-01
1362,2016-12-26,F,49,S,y,n,inactive,2018-10-01
1366,2016-12-29,M,52,S,y,n,inactive,2018-08-01
1372,2017-01-01,M,56,S,n,y,inactive,2019-03-01
1374,2017-01-04,M,49,S,n,y,inactive,2019-01-01
1375,2017-01-05,M,56,S,y,n,inactive,2019-04-01
1379,2017-01-09,M,53,S,y,n,inactive,2018-12-01
1384,2017-01-15,M,48,S,n,y,inactive,2018-11-01
1385,2017-01-15,F,65,S,n,y,inactive,2018-01-01
1393,2017-01-24,M,59,S,y,n,inactive,2018-07-01
1397,2017-01-26,F,49,M,y,n,inactive,2018-11-01
1399,2017-01-27,M,31,S,y,n,inactive,2018-04-01
1406,2017-02-01,M,36,M,n,y,inactive,2017-11-01
1411,2017-02-03,M,62,S,n,y,inactive,2017-10-01
1415,2017-02-05,F,49,S,y,n,inactive,2018-08-01
1416,2017-02-06,M,41,S,n,y,inactive,2019-03-01
1418,2017-02-06,M,52,M,y,n,inactive,2018-04-01
1420,2017-02-07,M,39,M,y,n,inactive,2019-01-01
1422,2017-02-10,M,28,M,n,y,inactive,2019-05-01
1424,2017-02-12,F,25,S,n,y,inactive,2018-09-01
1427,2017-02-13,M,35,S,y,n,inactive,2018-10-01
1432,2017-02-20,F,39,S,n,y,inactive,2018-09-01
1436,2017-02-22,M,28,S,n,y,inactive,2018-07-01
1442,2017-02-26,M,24,S,n,y,inactive,2018-05-01
1444,2017-02-27,M,52,S,y,n,inactive,2019-09-01
1445,2017-02-27,M,62,S,n,y,inactive,2018-03-01
1451,2017-03-02,F,64,M,y,n,inactive,2018-03-01
1454,2017-03-05,M,39,M,y,n,inactive,2018-11-01
1456,2017-03-05,M,54,S,n,y,inactive,2018-08-01
1464,2017-03-09,F,42,M,y,n,inactive,2018-11-01
1467,2017-03-10,F,64,S,y,n,inactive,2019-05-01
1471,2017-03-12,M,38,S,y,n,inactive,2018-10-01
1478,2017-03-17,M,43,S,y,n,inactive,2018-09-01
1485,2017-03-24,F,33,S,y,n,inactive,2019-01-01
1486,2017-03-26,F,56,S,n,y,inactive,2018-12-01
1488,2017-03-27,M,63,S,n,y,inactive,2019-01-01
1492,2017-03-30,M,29,S,n,y,inactive,2019-07-01
1495,2017-03-31,M,30,S,n,y,inactive,2018-08-01
1503,2017-04-05,M,30,S,y,n,inactive,2019-02-01
1505,2017-04-06,M,38,S,n,y,inactive,2018-11-01
1506,2017-04-06,F,23,S,y,n,inactive,2018-04-01
1510,2017-04-10,M,34,S,y,n,inactive,2018-12-01
1514,2017-04-14,M,33,M,n,y,inactive,2019-08-01
1515,2017-04-14,F,55,S,y,n,inactive,2019-09-01
1524,2017-04-21,M,41,S,y,n,inactive,2019-03-01
1526,2017-04-25,F,71,S,y,n,inactive,2019-08-01
1528,2017-04-26,F,55,S,n,y,inactive,2018-03-01
1529,2017-04-28,M,28,M,y,n,inactive,2019-10-01
1532,2017-05-01,F,58,S,y,n,inactive,2019-05-01
1537,2017-05-10,M,31,S,y,n,inactive,2018-07-01
1542,2017-05-12,M,40,S,n,y,inactive,2018-12-01
1546,2017-05-14,M,22,S,n,y,inactive,2019-01-01
1547,2017-05-14,M,60,M,n,y,inactive,2019-04-01
1548,2017-05-15,F,55,M,n,y,inactive,2019-01-01
1551,2017-05-17,M,38,M,y,n,inactive,2019-03-01
1564,2017-06-01,M,44,M,y,n,inactive,2019-07-01
1572,2017-06-06,F,72,M,y,n,active
1578,2017-06-11,M,24,S,y,n,inactive,2019-03-01
1581,2017-06-13,M,60,S,n,y,inactive,2019-09-01
1582,2017-06-13,M,19,S,n,y,inactive,2019-02-01
1584,2017-06-15,F,26,S,n,y,inactive,2018-05-01
1593,2017-06-18,M,53,S,n,y,inactive,2018-07-01
1594,2017-06-18,F,60,M,n,y,inactive,2018-04-01
1596,2017-06-20,M,40,S,n,y,inactive,2019-05-01
1602,2017-06-22,M,47,M,y,n,inactive,2018-11-01
1607,2017-06-24,M,36,M,n,y,inactive,2019-02-01
1617,2017-06-27,F,33,M,n,y,inactive,2018-09-01
1622,2017-07-02,M,31,M,y,n,inactive,2018-11-01
1623,2017-07-03,M,45,S,y,n,inactive,2018-04-01
1626,2017-07-04,M,35,S,y,n,inactive,2018-04-01
1631,2017-07-06,F,20,S,n,y,inactive,2018-08-01
1634,2017-07-08,F,44,S,y,n,inactive,2019-09-01
1641,2017-07-15,F,28,S,y,n,inactive,2018-12-01
1644,2017-07-15,M,40,S,n,y,inactive,2018-08-01
1647,2017-07-16,M,34,M,n,y,active
1650,2017-07-17,M,69,M,y,n,inactive,2019-04-01
1653,2017-07-21,M,35,S,n,y,inactive,2019-01-01
1660,2017-07-28,M,36,M,n,y,inactive,2019-11-01
1661,2017-07-29,F,61,S,n,y,inactive,2019-04-01
1670,2017-08-04,M,34,S,y,n,inactive,2019-07-01
1672,2017-08-06,M,28,M,y,n,inactive,2019-12-01
1673,2017-08-07,F,34,S,n,y,inactive,2018-03-01
1675,2017-08-08,F,39,M,n,y,inactive,2019-02-01
1676,2017-08-08,M,49,M,y,n,inactive,2019-04-01
1677,2017-08-09,M,29,S,y,n,inactive,2018-07-01
1678,2017-08-09,M,55,M,n,y,inactive,2018-11-01
1681,2017-08-11,M,28,S,n,y,inactive,2018-09-01
1683,2017-08-12,M,57,S,n,y,inactive,2019-11-01
1689,2017-08-18,M,62,S,n,y,inactive,2018-05-01
1692,2017-08-20,M,33,M,n,y,inactive,2018-12-01
1697,2017-08-22,M,40,M,n,y,inactive,2018-06-01
1698,2017-08-24,M,67,M,y,n,active
1707,2017-08-28,M,47,S,y,n,inactive,2018-12-01
1719,2017-09-06,M,61,S,y,n,inactive,2019-08-01
1725,2017-09-09,M,64,S,y,n,inactive,2018-10-01
1726,2017-09-10,M,25,M,n,y,inactive,2018-06-01
1732,2017-09-14,M,40,S,y,n,inactive,2018-08-01
1735,2017-09-17,F,71,S,y,n,inactive,2018-12-01
1736,2017-09-18,M,46,S,n,y,inactive,2018-10-01
1737,2017-09-21,M,67,S,y,n,inactive,2019-05-01
1740,2017-09-24,M,25,M,n,y,inactive,2019-01-01
1743,2017-09-27,M,59,S,n,y,inactive,2019-03-01
1746,2017-09-28,M,55,S,y,n,inactive,2018-10-01
1747,2017-09-29,M,48,S,y,n,inactive,2018-03-01
1748,2017-09-29,M,75,M,y,n,inactive,2018-11-01
1749,2017-09-30,F,56,S,y,n,inactive,2019-11-01
1751,2017-10-01,M,68,M,n,y,inactive,2018-12-01
1756,2017-10-03,M,42,M,n,y,inactive,2019-05-01
1763,2017-10-06,M,68,M,n,y,inactive,2019-02-01
1765,2017-10-07,M,35,S,n,y,inactive,2019-09-01
1766,2017-10-08,F,55,S,n,y,active
1782,2017-10-16,M,47,S,y,n,active
1785,2017-10-17,M,60,S,y,n,inactive,2019-02-01
1786,2017-10-17,M,48,M,y,n,inactive,2019-05-01
1790,2017-10-20,F,28,S,n,y,inactive,2018-09-01
1792,2017-10-20,M,54,S,n,y,active
1793,2017-10-20,F,56,M,y,n,active
1794,2017-10-21,F,69,S,y,n,active
1798,2017-10-22,M,59,S,y,n,inactive,2018-12-01
1800,2017-10-24,M,37,M,n,y,inactive,2019-12-01
1801,2017-10-24,F,58,S,n,y,inactive,2019-06-01
1802,2017-10-25,F,34,S,n,y,inactive,2018-11-01
1805,2017-10-27,M,58,S,y,n,inactive,2018-12-01
1809,2017-10-28,M,37,S,n,y,active
1811,2017-10-29,M,35,S,y,n,inactive,2019-02-01
1813,2017-10-31,M,38,S,y,n,inactive,2019-03-01
1815,2017-11-02,M,38,S,y,n,inactive,2019-03-01
1828,2017-11-10,M,36,S,n,y,inactive,2018-12-01
1839,2017-11-16,M,32,M,y,n,inactive,2019-11-01
1854,2017-11-23,M,59,S,y,n,inactive,2018-12-01
1856,2017-11-25,M,38,M,n,y,inactive,2018-11-01
1857,2017-11-26,M,29,S,n,y,inactive,2018-11-01
1862,2017-11-30,M,34,M,y,n,inactive,2019-01-01
1864,2017-12-01,F,48,S,n,y,active
1867,2017-12-05,F,26,M,n,y,inactive,2019-09-01
1878,2017-12-10,M,69,S,y,n,inactive,2019-10-01
1881,2017-12-11,M,35,M,n,y,inactive,2019-02-01
1895,2017-12-16,F,32,S,n,y,inactive,2019-06-01
1897,2017-12-16,M,61,S,y,n,inactive,2019-03-01
1901,2017-12-17,M,59,M,y,n,inactive,2019-06-01
1905,2017-12-19,M,36,M,y,n,inactive,2019-03-01
1912,2017-12-23,F,47,M,n,y,inactive,2019-10-01
1913,2017-12-23,M,48,S,n,y,inactive,2018-08-01
1914,2017-12-24,M,35,M,n,y,active
1917,2017-12-28,M,26,M,n,y,inactive,2019-11-01
1921,2018-01-04,M,35,S,y,n,inactive,2019-01-01
1924,2018-01-05,F,60,M,y,n,inactive,2019-11-01
1928,2018-01-09,M,55,S,n,y,inactive,2019-03-01
1930,2018-01-10,M,66,S,y,n,inactive,2019-02-01
1935,2018-01-14,M,67,S,y,n,inactive,2019-03-01
1939,2018-01-16,M,39,S,y,n,inactive,2019-06-01
1942,2018-01-18,M,58,S,n,y,inactive,2019-12-01
1943,2018-01-18,F,32,M,n,y,inactive,2019-01-01
1946,2018-01-21,F,44,S,n,y,inactive,2019-03-01
1951,2018-01-25,F,45,M,y,n,inactive,2019-11-01
1953,2018-01-28,M,34,S,y,n,inactive,2019-10-01
1956,2018-01-30,M,70,M,n,y,inactive,2018-12-01
1957,2018-01-30,M,57,M,y,n,inactive,2019-10-01
1958,2018-01-31,M,57,S,y,n,inactive,2019-02-01
1961,2018-02-02,M,56,S,n,y,inactive,2019-09-01
1962,2018-02-03,M,26,M,y,n,active
1963,2018-02-03,M,49,S,n,y,inactive,2018-10-01
1971,2018-02-08,F,67,S,y,n,inactive,2018-10-01
1973,2018-02-10,M,42,S,y,n,inactive,2019-03-01
1974,2018-02-10,F,40,S,y,n,inactive,2019-11-01
1978,2018-02-14,M,55,S,n,y,inactive,2019-04-01
1979,2018-02-14,M,35,S,n,y,inactive,2019-11-01
1994,2018-02-24,M,46,S,y,n,inactive,2019-08-01
1997,2018-02-26,M,37,M,n,y,inactive,2019-05-01
2004,2018-03-02,M,29,S,n,y,inactive,2019-02-01
2007,2018-03-04,F,69,M,n,y,inactive,2019-02-01
2008,2018-03-04,M,45,M,y,n,inactive,2018-09-01
2009,2018-03-04,M,31,S,n,y,inactive,2019-12-01
2011,2018-03-06,M,57,S,n,y,inactive,2019-02-01
2018,2018-03-11,M,27,S,n,y,inactive,2019-06-01
2034,2018-03-30,M,42,S,n,y,inactive,2019-04-01
2038,2018-03-31,M,31,S,n,y,inactive,2019-05-01
2039,2018-04-01,M,41,M,n,y,inactive,2019-05-01
2040,2018-04-01,M,46,S,y,n,inactive,2019-06-01
2042,2018-04-03,M,27,M,n,y,inactive,2019-06-01
2043,2018-04-06,M,68,S,y,n,inactive,2019-10-01
2046,2018-04-08,M,46,S,n,y,inactive,2019-04-01
2047,2018-04-09,F,29,S,n,y,active
2049,2018-04-09,M,33,S,y,n,active
2052,2018-04-11,F,42,S,n,y,inactive,2019-01-01
2055,2018-04-13,M,53,S,y,n,inactive,2019-03-01
2057,2018-04-16,F,54,S,y,n,active
2059,2018-04-18,M,60,M,y,n,inactive,2019-06-01
2067,2018-04-24,F,69,S,y,n,inactive,2019-10-01
2068,2018-04-26,M,37,S,n,y,inactive,2019-05-01
2072,2018-04-27,M,39,M,y,n,inactive,2019-10-01
2074,2018-04-28,M,27,M,n,y,inactive,2019-07-01
2078,2018-04-30,F,52,S,y,n,active
2079,2018-05-01,F,31,M,n,y,active
2081,2018-05-01,F,60,S,y,n,inactive,2019-07-01
2082,2018-05-01,M,41,S,y,n,active
2084,2018-05-04,M,32,S,n,y,inactive,2019-04-01
2087,2018-05-06,M,26,S,n,y,inactive,2019-05-01
2089,2018-05-06,F,63,S,y,n,active
2094,2018-05-08,M,28,S,n,y,inactive,2019-06-01
2097,2018-05-12,M,36,S,y,n,inactive,2019-10-01
2113,2018-05-27,M,32,S,n,y,inactive,2018-12-01
2116,2018-05-29,M,62,M,n,y,active
2123,2018-06-04,M,33,S,y,n,active
2131,2018-06-09,M,60,M,n,y,active
2136,2018-06-12,F,35,S,n,y,inactive,2019-11-01
2141,2018-06-15,F,36,S,n,y,active
2143,2018-06-18,M,57,S,y,n,active
2145,2018-06-19,M,68,S,y,n,active
2148,2018-06-20,F,24,M,y,n,inactive,2019-07-01
2152,2018-06-25,F,61,S,y,n,active
2157,2018-06-29,M,36,M,n,y,inactive,2019-04-01
2158,2018-07-01,M,18,S,n,y,active
2163,2018-07-05,M,36,S,y,n,inactive,2019-07-01
2166,2018-07-06,M,59,M,n,y,inactive,2019-11-01
2167,2018-07-08,M,32,S,n,y,active
2170,2018-07-09,M,29,S,n,y,inactive,2019-03-01
2172,2018-07-09,M,52,M,y,n,inactive,2019-05-01
2179,2018-07-14,F,42,S,y,n,inactive,2019-07-01
2182,2018-07-15,M,35,M,n,y,inactive,2019-08-01
2184,2018-07-16,M,28,S,y,n,inactive,2019-11-01
2185,2018-07-16,M,53,S,n,y,active
2187,2018-07-17,M,28,M,n,y,inactive,2019-12-01
2190,2018-07-19,M,37,M,n,y,active
2191,2018-07-19,M,63,S,n,y,inactive,2019-12-01
2192,2018-07-21,M,21,S,n,y,inactive,2019-03-01
2202,2018-07-27,M,50,S,n,y,active
2204,2018-07-29,M,68,S,y,n,inactive,2019-05-01
2205,2018-07-30,F,32,S,n,y,active
2207,2018-07-31,M,50,S,y,n,inactive,2019-08-01
2211,2018-08-08,M,60,M,n,y,inactive,2019-12-01
2215,2018-08-13,M,33,S,n,y,inactive,2019-08-01
2216,2018-08-13,M,30,S,n,y,active
2222,2018-08-18,M,47,M,y,n,inactive,2019-08-01
2226,2018-08-22,F,38,S,n,y,inactive,2019-10-01
2240,2018-09-02,M,64,S,n,y,inactive,2019-08-01
2242,2018-09-05,M,31,M,y,n,inactive,2019-12-01
2243,2018-09-06,M,70,S,y,n,inactive,2019-04-01
2249,2018-09-09,M,45,S,n,y,active
2250,2018-09-09,F,42,S,y,n,active
2255,2018-09-13,M,61,S,n,y,inactive,2019-09-01
2262,2018-09-18,M,28,M,n,y,active
2263,2018-09-19,M,62,S,y,n,active
2265,2018-09-20,M,59,S,n,y,inactive,2019-10-01
2277,2018-09-27,M,70,S,n,y,active
2278,2018-09-28,M,34,M,y,n,active
2281,2018-10-02,F,56,S,y,n,inactive,2019-07-01
2300,2018-10-16,M,29,M,n,y,inactive,2019-11-01
2302,2018-10-17,M,25,S,n,y,active
2314,2018-10-21,M,36,S,n,y,active
2316,2018-10-22,F,26,S,n,y,inactive,2019-11-01
2324,2018-10-26,M,61,S,y,n,inactive,2019-06-01
2327,2018-10-29,M,28,S,n,y,inactive,2019-07-01
2329,2018-10-29,M,32,S,y,n,active
2333,2018-10-31,M,68,S,y,n,active
2334,2018-11-01,F,65,S,n,y,active
2336,2018-11-04,M,66,S,y,n,inactive,2019-09-01
2337,2018-11-04,M,56,S,y,n,inactive,2019-12-01
2338,2018-11-06,M,21,S,y,n,inactive,2019-12-01
2345,2018-11-10,M,64,S,y,n,inactive,2019-10-01
2348,2018-11-13,M,59,M,n,y,inactive,2019-09-01
2356,2018-11-21,F,62,S,y,n,active
2357,2018-11-22,F,66,M,y,n,active
2361,2018-11-24,F,35,S,n,y,active
2369,2018-12-01,M,33,M,n,y,active
2371,2018-12-02,F,49,S,n,y,inactive,2019-09-01
2372,2018-12-03,F,29,S,n,y,active
2375,2018-12-05,M,56,S,n,y,active
2378,2018-12-06,M,34,S,n,y,inactive,2019-10-01
2379,2018-12-07,M,55,M,n,y,active
2392,2018-12-16,M,55,S,y,n,inactive,2019-09-01
2398,2018-12-21,M,69,S,y,n,active
2399,2018-12-21,M,37,S,n,y,inactive,2019-10-01
2416,2019-01-09,M,30,M,n,y,active
2425,2019-01-16,M,35,S,n,y,inactive,2019-12-01
2426,2019-01-16,M,45,M,n,y,active
2431,2019-01-24,M,63,M,y,n,active
2434,2019-01-27,F,63,S,y,n,inactive,2019-10-01
2437,2019-01-30,M,37,S,n,y,active
2441,2019-02-01,M,25,S,n,y,active
2444,2019-02-03,M,66,S,y,n,active
2446,2019-02-05,M,54,S,y,n,active
2450,2019-02-07,M,37,M,n,y,active
2451,2019-02-08,M,62,S,n,y,active
2461,2019-02-15,M,70,S,y,n,active
2462,2019-02-15,M,47,S,y,n,inactive,2019-12-01
2466,2019-02-19,M,34,S,n,y,active
2469,2019-02-22,M,53,M,y,n,active
2477,2019-03-03,M,51,S,n,y,active
2480,2019-03-10,M,30,S,n,y,active
2482,2019-03-12,F,58,M,y,n,inactive,2019-12-01
2485,2019-03-14,M,44,S,y,n,active
2486,2019-03-15,M,39,M,n,y,active
2495,2019-03-25,M,34,S,n,y,inactive,2019-11-01
2497,2019-03-25,M,59,S,y,n,active
2513,2019-04-02,M,59,S,n,y,active
2515,2019-04-09,M,53,S,y,n,active
2516,2019-04-10,M,57,S,y,n,active
2530,2019-04-21,M,23,S,n,y,active
2544,2019-05-05,M,29,S,n,y,active
2545,2019-05-05,M,28,S,n,y,active
2546,2019-05-05,M,36,M,n,y,active
2549,2019-05-06,M,64,S,n,y,active
2550,2019-05-08,F,65,S,y,n,active
2558,2019-05-14,F,40,M,y,n,active
2560,2019-05-15,M,62,S,n,y,active
2564,2019-05-20,M,68,S,y,n,active
2572,2019-05-25,M,43,M,y,n,active
2583,2019-05-31,M,58,S,y,n,active
2587,2019-06-03,M,70,M,y,n,active
2590,2019-06-04,F,66,S,y,n,active
2591,2019-06-06,M,67,S,n,y,active
2607,2019-06-16,M,44,S,n,y,active
2611,2019-06-17,M,65,S,n,y,active
2612,2019-06-19,M,29,M,n,y,active
2613,2019-06-20,M,37,S,y,n,active
2615,2019-06-23,M,62,S,y,n,active
2622,2019-06-26,F,53,S,n,y,active
2626,2019-06-30,M,25,S,n,y,active
2627,2019-06-30,M,39,M,n,y,inactive,2019-11-01
2634,2019-07-08,M,40,S,n,y,active
2635,2019-07-09,F,57,M,n,y,active
2637,2019-07-14,M,50,M,y,n,active
2639,2019-07-19,M,61,M,n,y,active
2650,2019-07-26,M,35,S,n,y,active
2653,2019-07-28,M,48,S,n,y,active
2659,2019-07-31,M,69,S,y,n,active
2660,2019-08-01,M,22,M,y,n,active
2661,2019-08-02,M,57,M,y,n,active
2664,2019-08-03,M,36,S,n,y,active
2668,2019-08-08,F,25,M,y,n,active
2672,2019-08-10,M,45,S,n,y,active
2675,2019-08-12,M,58,S,y,n,active
2676,2019-08-12,M,34,M,n,y,active
2679,2019-08-15,M,35,S,n,y,active
2680,2019-08-16,M,55,S,y,n,active
2685,2019-08-19,M,32,S,n,y,active
2689,2019-08-25,M,45,M,n,y,active
2691,2019-08-27,M,65,M,n,y,active
2697,2019-09-02,M,29,M,y,n,active
2698,2019-09-02,M,36,S,n,y,active
2701,2019-09-06,M,53,S,n,y,active
2702,2019-09-06,M,34,S,n,y,active
2704,2019-09-07,M,28,M,n,y,active
2707,2019-09-10,M,54,S,y,n,active
2711,2019-09-14,M,31,S,n,y,active
2713,2019-09-14,M,67,S,y,n,active
2716,2019-09-16,M,59,S,n,y,active
2719,2019-09-17,M,43,M,n,y,active
2720,2019-09-17,M,62,S,y,n,active
2721,2019-09-18,M,45,S,n,y,active
2726,2019-09-22,M,31,M,n,y,active
2734,2019-10-02,M,34,S,n,y,active
2735,2019-10-03,M,62,S,y,n,active
2738,2019-10-03,M,70,S,y,n,active
2739,2019-10-04,M,26,S,n,y,active
2740,2019-10-06,M,59,M,y,n,active
2741,2019-10-06,M,30,M,n,y,active
2747,2019-10-14,M,42,M,n,y,active
2748,2019-10-14,M,33,S,n,y,active
2749,2019-10-15,M,32,S,n,y,active
2750,2019-10-15,M,47,M,y,n,active
2753,2019-10-18,M,33,M,n,y,active
2757,2019-10-20,M,37,S,n,y,active
2760,2019-10-22,M,35,S,n,y,active
2767,2019-10-28,M,22,S,y,n,active
2776,2019-11-05,F,28,M,n,y,active
2778,2019-11-07,M,36,S,n,y,active
2781,2019-11-12,M,44,M,n,y,active
2783,2019-11-14,F,52,S,n,y,active
2790,2019-11-23,F,38,S,n,y,active
2800,2019-12-04,M,58,S,n,y,active
2808,2019-12-18,M,42,S,n,y,active
