Date,Open,High,Low,Close,AdjustedClose,Volume
2017-01-03,57.9,58.165,57.38,58.075,54.595,230255200
2017-01-04,57.925,58.255,57.875,58.01,54.534,168944800
2017-01-05,57.96,58.43,57.905,58.305,54.812,177548800
2017-01-06,58.39,59.08,58.235,58.955,55.423,254015200
2017-01-09,58.975,59.715,58.97,59.495,55.93,268495200
2017-01-10,59.385,59.69,59.15,59.555,55.987,195696800
2017-01-11,59.37,59.965,59.3,59.875,56.288,220708800
2017-01-12,59.45,59.65,59.105,59.625,56.053,216689600
2017-01-13,59.555,59.81,59.405,59.52,55.954,208895200
2017-01-17,59.17,60.12,59.11,60.0,56.405,275518400
2017-01-18,60.0,60.25,59.855,59.995,56.4,189704000
2017-01-19,59.7,60.045,59.685,59.89,56.302,204778400
2017-01-20,60.225,60.225,59.865,60.0,56.405,260783200
2017-01-23,60.0,60.405,59.885,60.04,56.443,176401600
2017-01-24,59.775,60.05,59.75,59.985,56.391,185688000
2017-01-25,60.21,61.05,60.14,60.94,57.289,259020800
2017-01-26,60.835,61.22,60.8,60.97,57.317,210700800
2017-01-27,61.07,61.175,60.8,60.975,57.322,164503200
2017-01-30,60.465,60.815,60.33,60.815,57.171,243020000
2017-01-31,60.575,60.695,60.31,60.675,57.04,393608000
2017-02-01,63.515,65.245,63.505,64.375,60.518,895880000
2017-02-02,63.99,64.695,63.89,64.265,60.415,269683200
2017-02-03,64.155,64.595,64.08,64.54,60.673,196058400
2017-02-06,64.565,65.25,64.45,65.145,61.242,214767200
2017-02-07,65.27,66.045,65.225,65.765,61.825,305470400
2017-02-08,65.675,66.11,65.61,66.02,62.064,184032800
2017-02-09,65.825,66.225,65.56,66.21,62.513,226799200
2017-02-10,66.23,66.47,66.025,66.06,62.371,160524000
2017-02-13,66.54,66.91,66.375,66.645,62.924,184283200
2017-02-14,66.735,67.545,66.625,67.51,63.74,265809600
2017-02-15,67.76,68.135,67.31,67.755,63.972,284984800
2017-02-16,67.835,67.95,67.42,67.675,63.896,180676800
2017-02-17,67.55,67.915,67.55,67.86,64.071,177585600
2017-02-21,68.115,68.375,67.99,68.35,64.533,196057600
2017-02-22,68.215,68.56,68.055,68.555,64.727,166695200
2017-02-23,68.69,68.74,68.15,68.265,64.453,166305600
2017-02-24,67.955,68.33,67.64,68.33,64.514,174212800
2017-02-27,68.57,68.72,68.14,68.465,64.642,162059200
2017-02-28,68.54,68.72,68.35,68.495,64.67,187863200
2017-03-01,68.945,70.075,68.8,69.895,65.992,291316800
2017-03-02,70.0,70.14,69.38,69.48,65.6,209688000
2017-03-03,69.39,69.915,69.295,69.89,65.987,168864800
2017-03-06,69.685,69.885,69.3,69.67,65.78,174000000
2017-03-07,69.53,69.99,69.395,69.76,65.865,139570400
2017-03-08,69.475,69.9,69.41,69.5,65.619,149657600
2017-03-09,69.37,69.395,68.525,69.34,65.468,177247200
2017-03-10,69.625,69.68,69.32,69.57,65.685,156902400
2017-03-13,69.425,69.715,69.41,69.6,65.714,139373600
2017-03-14,69.65,69.825,69.42,69.495,65.614,122472800
2017-03-15,69.705,70.375,69.515,70.23,66.308,205534400
2017-03-16,70.36,70.51,70.13,70.345,66.417,153856000
2017-03-17,70.5,70.5,69.945,69.995,66.086,351080000
2017-03-20,70.2,70.75,70.115,70.73,66.78,172336000
2017-03-21,71.055,71.4,69.865,69.92,66.016,316239200
2017-03-22,69.925,70.8,69.88,70.71,66.762,206881600
2017-03-23,70.63,70.79,70.305,70.46,66.525,162770400
2017-03-24,70.75,70.87,70.175,70.32,66.393,179164800
2017-03-27,69.695,70.61,69.31,70.44,66.507,188600800
2017-03-28,70.455,72.02,70.31,71.9,67.885,266998400
2017-03-29,71.84,72.245,71.595,72.06,68.036,233520000
2017-03-30,72.095,72.25,71.75,71.965,67.946,169658400
2017-03-31,71.86,72.135,71.505,71.83,67.819,157293600
2017-04-03,71.855,72.06,71.525,71.85,67.838,159885600
2017-04-04,71.625,72.445,71.585,72.385,68.343,159131200
2017-04-05,72.11,72.73,71.905,72.01,67.989,221743200
2017-04-06,72.145,72.26,71.725,71.83,67.819,169192000
2017-04-07,71.865,72.09,71.635,71.67,67.668,133377600
2017-04-10,71.8,71.94,71.45,71.585,67.588,151467200
2017-04-11,71.47,71.675,70.03,70.815,66.861,243035200
2017-04-12,70.8,71.075,70.505,70.9,66.941,162800000
2017-04-13,70.955,71.19,70.525,70.525,66.587,142583200
2017-04-17,70.74,70.94,70.435,70.915,66.955,132656800
2017-04-18,70.705,71.02,70.555,70.6,66.658,117580000
2017-04-19,70.94,71.0,70.225,70.34,66.412,138627200
2017-04-20,70.61,71.46,70.58,71.22,67.243,186556800
2017-04-21,71.22,71.34,70.925,71.135,67.163,138567200
2017-04-24,71.75,71.975,71.59,71.82,67.81,137074400
2017-04-25,71.955,72.45,71.935,72.265,68.23,150972000
2017-04-26,72.235,72.3,71.69,71.84,67.828,160329600
2017-04-27,71.96,72.08,71.655,71.895,67.88,113970400
2017-04-28,72.045,72.15,71.635,71.825,67.814,166883200
2017-05-01,72.55,73.6,72.48,73.29,69.197,268823200
2017-05-02,73.77,74.045,73.42,73.755,69.636,362817600
2017-05-03,72.795,73.745,72.135,73.53,69.424,365576000
2017-05-04,73.26,73.57,72.905,73.265,69.174,186975200
2017-05-05,73.38,74.49,73.38,74.48,70.321,218621600
2017-05-08,74.515,76.85,74.515,76.505,72.233,390019200
2017-05-09,76.935,77.44,76.725,76.995,72.696,313043200
2017-05-10,76.815,76.97,76.055,76.63,72.351,206445600
2017-05-11,76.225,77.035,76.155,76.975,72.977,218040800
2017-05-12,77.35,78.21,77.335,78.05,73.996,260216000
2017-05-15,78.005,78.325,77.525,77.85,73.806,208077600
2017-05-16,77.97,78.03,77.36,77.735,73.697,160388000
2017-05-17,76.8,77.285,74.855,75.125,71.223,406141600
2017-05-18,75.635,76.67,75.565,76.27,72.308,268545600
2017-05-19,76.69,76.99,76.315,76.53,72.555,215686400
2017-05-22,77.0,77.29,76.455,76.995,72.996,183731200
2017-05-23,77.45,77.45,76.655,76.9,72.906,159351200
2017-05-24,76.92,77.085,76.335,76.67,72.688,153424000
2017-05-25,76.865,77.175,76.515,76.935,72.939,153884800
2017-05-26,77.0,77.12,76.655,76.805,72.815,175420800
2017-05-30,76.71,77.215,76.665,76.835,72.844,161015200
2017-05-31,76.985,77.085,76.19,76.38,72.413,195609600
2017-06-01,76.585,76.665,76.11,76.59,72.612,131232800
2017-06-02,76.79,77.725,76.445,77.725,73.688,222165600
2017-06-05,77.17,77.225,76.73,76.965,72.967,202653600
2017-06-06,76.95,77.905,76.89,77.225,73.214,212999200
2017-06-07,77.51,77.99,77.24,77.685,73.65,168556800
2017-06-08,77.625,77.77,77.2,77.495,73.47,170006400
2017-06-09,77.595,77.595,73.01,74.49,70.621,519061600
2017-06-12,72.87,73.045,71.255,72.71,68.933,578458400
2017-06-13,73.58,73.725,72.575,73.295,69.488,273323200
2017-06-14,73.75,73.75,71.92,72.58,68.81,252249600
2017-06-15,71.66,72.24,71.105,72.145,68.398,257323200
2017-06-16,71.89,72.25,71.1,71.135,67.44,402888800
2017-06-19,71.83,73.37,71.83,73.17,69.369,260331200
2017-06-20,73.435,73.435,72.47,72.505,68.739,199200800
2017-06-21,72.76,73.035,72.305,72.935,69.147,170126400
2017-06-22,72.885,73.35,72.56,72.815,69.033,152850400
2017-06-23,72.565,73.58,72.555,73.14,69.341,283515200
2017-06-26,73.585,74.14,72.69,72.91,69.123,205539200
2017-06-27,72.505,73.08,71.81,71.865,68.132,198095200
2017-06-28,72.245,73.055,71.58,72.915,69.128,176659200
2017-06-29,72.355,72.565,71.14,71.84,68.108,251995200
2017-06-30,72.225,72.48,71.89,72.01,68.27,184192800
2017-07-03,72.44,72.65,71.55,71.75,68.023,114222400
2017-07-05,71.845,72.395,71.36,72.045,68.303,172556800
2017-07-06,71.51,71.75,71.205,71.365,67.658,193030400
2017-07-07,71.45,72.375,71.45,72.09,68.345,153613600
2017-07-10,72.055,72.975,71.685,72.53,68.763,168724800
2017-07-11,72.365,72.925,72.19,72.765,68.985,158254400
2017-07-12,72.935,73.09,72.41,72.87,69.085,199076000
2017-07-13,72.75,74.245,72.72,73.885,70.047,201595200
2017-07-14,73.985,74.665,73.665,74.52,70.649,161056800
2017-07-17,74.41,75.45,74.285,74.78,70.896,190348000
2017-07-18,74.6,75.065,74.335,75.04,71.142,142950400
2017-07-19,75.24,75.71,74.975,75.51,71.588,167384000
2017-07-20,75.75,75.87,75.095,75.17,71.265,137949600
2017-07-21,74.995,75.22,74.44,75.135,71.232,210020800
2017-07-24,75.29,76.22,74.95,76.045,72.095,171945600
2017-07-25,75.9,76.92,75.9,76.37,72.403,150831200
2017-07-26,76.675,76.965,76.53,76.73,72.744,126248000
2017-07-27,76.875,76.995,73.65,75.28,71.37,259810400
2017-07-28,74.945,75.115,74.595,74.75,70.867,137709600
2017-07-31,74.95,75.165,74.065,74.365,70.502,158767200
2017-08-01,74.55,75.11,74.205,75.025,71.128,282948800
2017-08-02,79.64,79.875,78.08,78.57,74.489,559494400
2017-08-03,78.525,78.605,77.51,77.785,73.745,216778400
2017-08-04,78.035,78.7,77.845,78.195,74.133,164479200
2017-08-07,78.53,79.46,78.335,79.405,75.28,174962400
2017-08-08,79.3,80.915,79.135,80.04,75.882,289647200
2017-08-09,79.63,80.635,79.555,80.53,76.347,209052000
2017-08-10,79.95,80.0,77.315,77.66,73.915,326434400
2017-08-11,78.3,79.285,78.035,78.74,74.943,210056800
2017-08-14,79.66,80.105,79.375,79.925,76.071,176981600
2017-08-15,80.33,81.1,80.07,80.8,76.904,235724000
2017-08-16,80.97,81.255,80.075,80.475,76.594,221372800
2017-08-17,80.26,80.355,78.92,78.93,75.124,223524800
2017-08-18,78.93,79.75,78.36,78.75,74.953,219424800
2017-08-21,78.75,78.945,77.555,78.605,74.815,210948000
2017-08-22,79.115,80.0,79.01,79.89,76.038,172836800
2017-08-23,79.535,80.235,79.44,79.99,76.133,155192800
2017-08-24,80.215,80.37,79.275,79.635,75.795,158551200
2017-08-25,79.825,80.28,79.635,79.93,76.076,203840800
2017-08-28,80.07,81.0,79.965,80.735,76.842,207728000
2017-08-29,80.05,81.56,80.0,81.455,77.527,236135200
2017-08-30,81.9,81.945,81.305,81.675,77.737,218156800
2017-08-31,81.82,82.26,81.74,82.0,78.046,214280800
2017-09-01,82.4,82.47,81.815,82.025,78.07,132728800
2017-09-05,81.875,82.125,80.28,81.04,77.132,235748000
2017-09-06,81.355,81.495,80.26,80.955,77.051,173213600
2017-09-07,81.045,81.12,80.18,80.63,76.742,175428000
2017-09-08,80.43,80.575,79.265,79.315,75.49,228892000
2017-09-11,80.25,81.025,79.945,80.75,76.856,252646400
2017-09-12,81.305,81.98,79.385,80.43,76.552,573712000
2017-09-13,79.935,79.98,78.955,79.825,75.976,359259200
2017-09-14,79.495,79.7,79.045,79.14,75.324,190085600
2017-09-15,79.235,80.485,79.0,79.94,76.085,392916800
2017-09-18,80.055,80.25,79.0,79.335,75.509,226155200
2017-09-19,79.755,79.885,79.22,79.365,75.538,166484800
2017-09-20,78.95,79.13,76.915,78.035,74.272,423611200
2017-09-21,77.9,77.9,76.375,76.695,72.997,300093600
2017-09-22,75.77,76.135,75.28,75.945,72.283,373163200
2017-09-25,74.995,75.915,74.58,75.275,71.645,355098400
2017-09-26,75.89,76.96,75.845,76.57,72.878,293280000
2017-09-27,76.9,77.36,76.77,77.115,73.397,204033600
2017-09-28,76.945,77.14,76.35,76.64,72.944,176044000
2017-09-29,76.605,77.065,76.0,77.06,73.344,210398400
2017-10-02,77.13,77.225,76.36,76.905,73.197,149590400
2017-10-03,77.005,77.545,76.955,77.24,73.515,129842400
2017-10-04,76.815,76.93,76.23,76.74,73.04,161310400
2017-10-05,77.09,77.72,77.025,77.695,73.949,170270400
2017-10-06,77.485,77.745,77.28,77.65,73.906,139260800
2017-10-09,77.905,78.365,77.745,77.92,74.163,130103200
2017-10-10,78.03,79.0,77.55,77.95,74.191,124936000
2017-10-11,77.985,78.49,77.875,78.275,74.501,135244800
2017-10-12,78.175,78.685,77.865,78.0,74.239,129000800
2017-10-13,78.365,78.64,78.205,78.495,74.71,131153600
2017-10-16,78.95,80.0,78.825,79.94,76.085,192972000
2017-10-17,79.89,80.435,79.615,80.235,76.366,151978400
2017-10-18,80.21,80.355,79.8,79.88,76.028,130993600
2017-10-19,78.375,78.54,77.51,77.99,74.229,340673600
2017-10-20,78.305,78.875,77.98,78.125,74.358,191792800
2017-10-23,78.445,78.845,77.75,78.085,74.32,175874400
2017-10-24,78.145,78.71,78.1,78.55,74.762,142057600
2017-10-25,78.455,78.775,77.635,78.205,74.434,169656800
2017-10-26,78.615,78.915,78.39,78.705,74.91,136004000
2017-10-27,79.645,81.8,79.35,81.525,77.594,355633600
2017-10-30,81.945,84.035,81.86,83.36,79.34,357606400
2017-10-31,83.95,84.825,83.47,84.52,80.444,288374400
2017-11-01,84.935,84.97,82.805,83.445,79.421,269102400
2017-11-02,83.3,84.25,82.64,84.055,80.002,331147200
2017-11-03,87.0,87.13,85.56,86.25,82.091,475188800
2017-11-06,86.185,87.495,85.86,87.125,82.924,280210400
2017-11-07,86.955,87.625,86.8,87.405,83.19,194892000
2017-11-08,87.33,88.12,87.165,88.12,83.871,195276000
2017-11-09,87.555,88.05,86.57,87.94,83.7,235860800
2017-11-10,87.555,87.69,87.135,87.335,83.423,201164000
2017-11-13,86.75,87.25,86.7,86.985,83.088,135856800
2017-11-14,86.52,86.74,85.59,85.67,81.832,198260000
2017-11-15,84.985,85.16,84.19,84.54,80.753,233264800
2017-11-16,85.59,85.935,85.15,85.55,81.717,189100000
2017-11-17,85.52,85.695,84.82,85.075,81.264,175196000
2017-11-20,85.145,85.28,84.78,84.99,81.183,130099200
2017-11-21,85.39,86.85,85.39,86.57,82.692,201050400
2017-11-22,86.68,87.5,86.525,87.48,83.561,204711200
2017-11-24,87.55,87.75,87.325,87.485,83.566,112213600
2017-11-27,87.525,87.54,86.67,87.045,83.146,165734400
2017-11-28,87.15,87.435,85.93,86.535,82.658,211430400
2017-11-29,86.315,86.46,83.58,84.74,80.944,333331200
2017-11-30,85.215,86.07,84.22,85.925,82.076,332217600
2017-12-01,84.975,85.835,84.25,85.525,81.694,318074400
2017-12-04,86.24,86.31,84.815,84.9,81.097,260339200
2017-12-05,84.53,85.76,84.2,84.82,81.02,218801600
2017-12-06,83.75,85.1,83.23,84.505,80.719,228480000
2017-12-07,84.515,85.22,84.455,84.66,80.867,205386400
2017-12-08,85.245,85.5,84.41,84.685,80.891,186841600
2017-12-11,84.6,86.445,84.395,86.335,82.467,282190400
2017-12-12,86.075,86.195,85.73,85.85,82.004,155273600
2017-12-13,86.25,86.77,86.0,86.135,82.276,190547200
2017-12-14,86.2,86.565,85.825,86.11,82.252,163812000
2017-12-15,86.815,87.085,86.23,86.985,83.088,321354400
2017-12-18,87.44,88.6,87.43,88.21,84.258,235368800
2017-12-19,87.515,87.695,87.045,87.27,83.36,219491200
2017-12-20,87.435,87.71,86.625,87.175,83.27,187804800
2017-12-21,87.085,88.01,87.05,87.505,83.585,167599200
2017-12-22,87.34,87.71,87.25,87.505,83.585,130795200
2017-12-26,85.4,85.735,84.84,85.285,81.464,265484000
2017-12-27,85.05,85.39,84.855,85.3,81.479,171985600
2017-12-28,85.5,85.925,85.24,85.54,81.708,131841600
2017-12-29,85.26,85.295,84.61,84.615,80.824,207999200
2018-01-02,85.08,86.15,84.63,86.13,82.272,204447200
2018-01-03,86.265,87.275,85.98,86.115,82.257,236143200
2018-01-04,86.27,86.735,86.04,86.515,82.639,179476800
2018-01-05,86.72,87.685,86.525,87.5,83.58,189280000
2018-01-08,87.175,87.805,86.965,87.175,83.27,164542400
2018-01-09,87.275,87.53,86.705,87.165,83.26,172672000
2018-01-10,86.58,87.15,86.5,87.145,83.241,191679200
2018-01-11,87.295,87.745,87.245,87.64,83.714,149341600
2018-01-12,88.09,88.68,87.825,88.545,84.578,203344800
2018-01-16,88.95,89.695,88.07,88.095,84.148,236527200
2018-01-17,88.075,89.625,87.535,89.55,85.538,275094400
2018-01-18,89.685,90.05,89.125,89.63,85.615,249547200
2018-01-19,89.305,89.79,88.705,89.23,85.233,259400800
2018-01-22,88.65,88.89,88.3,88.5,84.535,216868800
2018-01-23,88.65,89.72,88.41,88.52,84.554,261512800
2018-01-24,88.625,88.65,86.6,87.11,83.208,408840800
2018-01-25,87.255,87.475,85.265,85.555,81.722,332232000
2018-01-26,86.0,86.0,85.03,85.755,81.913,313144000
2018-01-29,85.08,85.08,83.535,83.98,80.218,405123200
2018-01-30,82.765,83.685,82.35,83.485,79.745,368385600
2018-01-31,83.435,84.22,83.25,83.715,79.965,259831200
2018-02-01,83.585,84.31,83.38,83.89,80.132,377846400
2018-02-02,83.0,83.4,80.05,80.25,76.655,692750400
2018-02-05,79.55,81.94,78.0,78.245,74.74,581908000
2018-02-06,77.415,81.86,77.0,81.515,77.863,545950400
2018-02-07,81.545,81.7,79.535,79.77,76.196,412868800
2018-02-08,80.145,80.5,77.515,77.575,74.1,435124000
2018-02-09,78.535,78.945,75.12,78.205,75.006,565380800
2018-02-12,79.25,81.945,78.755,81.355,78.027,486556000
2018-02-13,80.975,82.375,80.825,82.17,78.809,260393600
2018-02-14,81.52,83.77,81.44,83.685,80.262,325159200
2018-02-15,84.895,86.545,84.5,86.495,82.957,409177600
2018-02-16,86.18,87.41,85.885,86.215,82.688,321408800
2018-02-20,86.025,87.13,85.71,85.925,82.41,271444000
2018-02-21,86.415,87.06,85.505,85.535,82.036,299772800
2018-02-22,85.9,86.975,85.855,86.25,82.722,247935200
2018-02-23,86.835,87.825,86.77,87.75,84.161,270499200
2018-02-26,88.175,89.695,88.105,89.485,85.825,305297600
2018-02-27,89.55,90.24,89.08,89.195,85.547,311424800
2018-02-28,89.63,90.31,89.025,89.06,85.417,302256800
2018-03-01,89.27,89.89,86.33,87.5,83.921,390416000
2018-03-02,86.4,88.15,86.225,88.105,84.501,307632000
2018-03-05,87.605,88.87,87.26,88.41,84.794,227211200
2018-03-06,88.955,89.125,88.065,88.335,84.722,190308000
2018-03-07,87.47,87.925,87.135,87.515,83.935,253628000
2018-03-08,87.74,88.56,87.535,88.47,84.851,190192800
2018-03-09,88.98,90.0,88.695,89.99,86.309,257481600
2018-03-12,90.145,91.195,90.105,90.86,87.143,257656800
2018-03-13,91.295,91.75,89.62,89.985,86.304,253548000
2018-03-14,90.16,90.26,88.905,89.22,85.571,234947200
2018-03-15,89.25,90.12,89.035,89.325,85.671,181950400
2018-03-16,89.325,89.56,88.81,89.01,85.369,315237600
2018-03-19,88.66,88.735,86.83,87.65,84.065,267574400
2018-03-20,87.62,88.4,87.47,87.62,84.036,157195200
2018-03-21,87.52,87.545,85.63,85.635,82.132,296439200
2018-03-22,85.0,86.34,84.3,84.425,80.972,331926400
2018-03-23,84.195,84.96,82.47,82.47,79.097,328230400
2018-03-26,84.035,86.55,83.22,86.385,82.852,300329600
2018-03-27,86.84,87.575,83.46,84.17,80.727,327380800
2018-03-28,83.625,85.01,82.595,83.24,79.835,333348000
2018-03-29,83.905,85.875,83.45,83.89,80.459,307188000
2018-04-02,83.32,84.47,82.235,83.34,79.931,300694400
2018-04-03,83.82,84.375,82.44,84.195,80.751,242224000
2018-04-04,82.44,86.005,82.385,85.805,82.295,276844000
2018-04-05,86.29,87.115,86.04,86.4,82.866,215465600
2018-04-06,85.485,86.24,84.1,84.19,80.746,280042400
2018-04-09,84.94,86.545,84.925,85.025,81.547,232141600
2018-04-10,86.5,87.0,85.765,86.625,83.082,227268800
2018-04-11,86.115,86.96,85.85,86.22,82.693,179452800
2018-04-12,86.705,87.5,86.52,87.07,83.508,183114400
2018-04-13,87.39,87.92,86.925,87.365,83.791,200994400
2018-04-16,87.515,88.095,87.415,87.91,84.314,172627200
2018-04-17,88.245,89.47,88.205,89.12,85.475,212843200
2018-04-18,88.905,89.41,88.44,88.92,85.283,166036000
2018-04-19,86.88,87.695,86.33,86.4,82.866,278470400
2018-04-20,85.3,85.61,82.715,82.86,79.471,523928800
2018-04-23,83.415,83.46,82.045,82.62,79.241,292124000
2018-04-24,82.835,83.165,80.61,81.47,78.138,269536000
2018-04-25,81.31,82.71,81.205,81.825,78.478,227056800
2018-04-26,82.06,82.865,81.685,82.11,78.751,223704000
2018-04-27,82.0,82.165,80.315,81.16,77.84,285246400
2018-04-30,81.065,83.63,80.92,82.63,79.25,339419200
2018-05-01,83.205,84.6,82.635,84.55,81.092,428555200
2018-05-02,87.615,88.875,86.9,88.285,84.674,532315200
2018-05-03,87.94,88.75,87.22,88.445,84.827,272545600
2018-05-04,89.125,92.125,89.085,91.915,88.155,449610400
2018-05-07,92.59,93.835,92.375,92.58,88.793,339611200
2018-05-08,92.495,93.11,91.835,93.025,89.22,227222400
2018-05-09,93.275,93.7,92.61,93.68,89.848,185689600
2018-05-10,93.87,95.185,93.825,95.02,91.133,223914400
2018-05-11,94.745,95.03,93.725,94.295,90.787,209697600
2018-05-14,94.505,94.765,93.93,94.075,90.575,166230400
2018-05-15,93.39,93.535,92.55,93.22,89.752,189561600
2018-05-16,93.035,94.23,93.0,94.09,90.589,153464800
2018-05-17,94.0,94.455,93.18,93.495,90.016,138352000
2018-05-18,93.595,93.905,93.065,93.155,89.689,146381600
2018-05-21,94.0,94.635,93.455,93.815,90.325,147206400
2018-05-22,94.19,94.44,93.39,93.58,90.098,121925600
2018-05-23,93.175,94.25,92.88,94.18,90.676,160467200
2018-05-24,94.385,94.42,93.105,94.075,90.575,185872000
2018-05-25,94.115,94.825,93.825,94.29,90.782,139688000
2018-05-29,93.8,94.375,93.435,93.95,90.455,180112800
2018-05-30,93.86,94.0,93.39,93.75,90.262,149524000
2018-05-31,93.61,94.115,93.07,93.435,89.959,219862400
2018-06-01,93.995,95.13,93.875,95.12,91.581,187540000
2018-06-04,95.82,96.71,95.675,95.915,92.346,210129600
2018-06-05,96.535,96.97,96.18,96.655,93.059,172528000
2018-06-06,96.815,97.04,95.96,96.99,93.381,167468800
2018-06-07,97.07,97.1,96.17,96.73,93.131,170777600
2018-06-08,95.585,96.0,94.885,95.85,92.284,213254400
2018-06-11,95.675,95.985,95.105,95.615,92.058,146468000
2018-06-12,95.695,96.305,95.575,96.14,92.563,135288800
2018-06-13,96.21,96.44,95.22,95.35,91.802,173107200
2018-06-14,95.775,95.785,95.11,95.4,91.851,172880800
2018-06-15,95.015,95.08,94.13,94.42,90.907,493753600
2018-06-18,93.94,94.61,93.6,94.37,90.859,147879200
2018-06-19,92.57,93.165,91.725,92.845,89.391,268628000
2018-06-20,93.175,93.6,92.865,93.25,89.781,165029600
2018-06-21,93.625,94.175,92.47,92.73,89.28,205695200
2018-06-22,93.06,93.075,92.35,92.46,89.02,217603200
2018-06-25,91.7,92.46,90.365,91.085,87.696,253304800
2018-06-26,91.495,93.265,91.27,92.215,88.784,196553600
2018-06-27,92.615,93.64,92.015,92.08,88.654,202282400
2018-06-28,92.05,93.105,91.9,92.75,89.299,138921600
2018-06-29,93.145,93.595,91.455,92.555,89.111,181901600
2018-07-02,91.91,93.65,91.71,93.59,90.108,141850400
2018-07-03,93.895,93.975,91.77,91.96,88.539,111638400
2018-07-05,92.63,93.205,92.14,92.7,89.251,132833600
2018-07-06,92.71,94.215,92.6,93.985,90.488,139881600
2018-07-09,94.75,95.34,94.65,95.29,91.745,158052800
2018-07-10,95.355,95.64,95.09,95.175,91.634,127512800
2018-07-11,94.25,94.89,93.805,93.94,90.445,150652000
2018-07-12,94.765,95.705,94.655,95.515,91.961,144328800
2018-07-13,95.54,95.92,95.45,95.665,92.106,100111200
2018-07-16,95.76,96.325,95.21,95.455,91.904,120344800
2018-07-17,94.875,95.935,94.6,95.725,92.163,124276000
2018-07-18,95.89,95.9,94.965,95.2,91.658,131147200
2018-07-19,94.845,96.275,94.845,95.94,92.37,162294400
2018-07-20,95.89,96.215,95.085,95.72,92.159,165409600
2018-07-23,95.34,95.98,94.78,95.805,92.241,127915200
2018-07-24,96.225,96.83,96.025,96.5,92.91,149583200
2018-07-25,96.53,97.425,96.215,97.41,93.786,133679200
2018-07-26,97.305,97.98,96.805,97.105,93.492,152608000
2018-07-27,97.495,97.595,95.05,95.49,91.937,192192000
2018-07-30,95.95,96.1,94.535,94.955,91.422,168236000
2018-07-31,95.15,96.07,94.67,95.145,91.605,314984000
2018-08-01,99.565,100.88,98.655,100.75,97.002,543485600
2018-08-02,100.29,104.19,100.175,103.695,99.837,499232000
2018-08-03,103.515,104.37,102.74,103.995,100.126,267579200
2018-08-06,104.0,104.625,103.535,104.535,100.646,203403200
2018-08-07,104.66,104.75,103.38,103.555,99.702,204699200
2018-08-08,103.025,103.905,102.26,103.625,99.77,180204000
2018-08-09,104.765,104.89,103.6,104.44,100.554,187940800
2018-08-10,103.68,104.55,103.335,103.765,100.255,196889600
2018-08-13,104.655,105.475,103.85,104.435,100.902,207127200
2018-08-14,105.08,105.28,104.13,104.875,101.327,165984000
2018-08-15,104.61,105.37,104.165,105.12,101.564,230460800
2018-08-16,105.875,106.905,105.735,106.66,103.052,228003200
2018-08-17,106.72,108.975,106.58,108.79,105.11,283416000
2018-08-20,109.05,109.59,107.555,107.73,104.086,242301600
2018-08-21,108.4,108.595,107.015,107.52,103.883,209278400
2018-08-22,107.05,108.18,106.92,107.525,103.888,152144800
2018-08-23,107.325,108.525,107.3,107.745,104.1,151065600
2018-08-24,108.3,108.45,107.555,108.08,104.424,147811200
2018-08-27,108.575,109.37,108.165,108.97,105.284,164200800
2018-08-28,109.505,110.27,109.46,109.85,106.134,182214400
2018-08-29,110.075,111.745,109.705,111.49,107.718,218038400
2018-08-30,111.625,114.13,111.2,112.515,108.709,390350400
2018-08-31,113.255,114.435,113.0,113.815,109.965,346720800
2018-09-04,114.205,114.59,113.315,114.18,110.317,219120800
2018-09-05,114.495,114.835,112.55,113.435,109.598,266664000
2018-09-06,113.115,113.675,110.65,111.55,107.776,274320000
2018-09-07,110.925,112.685,110.355,110.65,106.907,300958400
2018-09-10,110.475,110.925,108.235,109.165,105.472,316132000
2018-09-11,109.005,112.15,108.28,111.925,108.139,285992000
2018-09-12,112.47,112.5,109.92,110.535,106.796,394229600
2018-09-13,111.76,114.175,111.285,113.205,109.375,333651200
2018-09-14,112.875,113.42,111.26,111.92,108.134,255994400
2018-09-17,111.075,111.475,108.635,108.94,105.255,297560800
2018-09-18,108.895,110.925,108.56,109.12,105.429,252573600
2018-09-19,109.25,109.81,107.65,109.185,105.491,216990400
2018-09-20,110.12,111.14,109.575,110.015,106.293,212870400
2018-09-21,110.39,110.68,108.645,108.83,105.148,769973600
2018-09-24,108.41,110.63,108.315,110.395,106.66,221547200
2018-09-25,109.875,111.41,109.85,111.095,107.337,196435200
2018-09-26,110.5,111.875,109.88,110.21,106.482,191877600
2018-09-27,111.91,113.22,111.77,112.475,108.67,241449600
2018-09-28,112.395,112.92,112.01,112.87,109.052,183435200
2018-10-01,113.975,114.71,113.175,113.63,109.786,188806400
2018-10-02,113.625,115.0,113.315,114.64,110.762,198305600
2018-10-03,115.025,116.735,114.89,116.035,112.11,229238400
2018-10-04,115.39,116.175,113.365,113.995,110.139,256336000
2018-10-05,113.98,114.205,110.29,112.145,108.351,268644000
2018-10-08,111.105,112.4,110.1,111.885,108.1,237311200
2018-10-09,111.82,113.635,111.125,113.435,109.598,215128000
2018-10-10,112.73,113.175,108.025,108.18,104.52,335924800
2018-10-11,107.26,109.75,106.16,107.225,103.598,424995200
2018-10-12,110.21,111.44,108.42,111.055,107.298,322703200
2018-10-15,110.58,110.915,108.635,108.68,105.003,246328000
2018-10-16,109.465,111.495,108.38,111.075,107.317,233472000
2018-10-17,111.15,111.32,109.67,110.595,106.854,183083200
2018-10-18,108.93,109.87,106.5,108.01,104.356,260650400
2018-10-19,109.03,110.63,108.715,109.655,105.945,264629600
2018-10-22,109.895,111.68,109.47,110.325,106.593,230336800
2018-10-23,107.915,111.625,107.35,111.365,107.598,310142400
2018-10-24,111.3,112.115,107.27,107.545,103.907,327404000
2018-10-25,108.855,110.69,108.375,109.9,106.182,238846400
2018-10-26,107.95,110.095,106.335,108.15,104.491,378067200
2018-10-29,109.595,109.845,103.045,106.12,102.53,367484000
2018-10-30,105.575,107.59,104.635,106.65,103.042,293280000
2018-10-31,108.44,110.225,108.31,109.43,105.728,306871200
2018-11-01,109.525,111.18,108.405,111.11,107.351,466585600
2018-11-02,104.775,106.825,102.715,103.74,100.231,730629600
2018-11-05,102.15,102.195,99.085,100.795,97.385,529309600
2018-11-06,100.96,102.36,100.845,101.885,98.438,255063200
2018-11-07,102.985,105.03,102.065,104.975,101.424,267395200
2018-11-08,104.99,105.06,103.375,104.245,101.07,202900800
2018-11-09,102.775,103.005,101.125,102.235,99.121,274926400
2018-11-12,99.5,99.925,96.895,97.085,94.128,409084000
2018-11-13,95.815,98.59,95.725,96.115,93.188,375063200
2018-11-14,96.95,97.24,92.965,93.4,90.555,486408000
2018-11-15,94.195,95.985,93.45,95.705,92.79,371830400
2018-11-16,95.25,97.485,94.73,96.765,93.818,295426400
2018-11-19,95.0,95.35,92.495,92.93,90.1,335402400
2018-11-20,89.185,90.735,87.755,88.49,85.795,542601600
2018-11-21,89.865,90.135,88.275,88.39,85.698,248993600
2018-11-23,87.47,88.3,86.05,86.145,83.521,188992000
2018-11-26,87.12,87.475,85.13,87.31,84.651,359988000
2018-11-27,85.755,87.385,85.44,87.12,84.467,331099200
2018-11-28,88.365,90.645,87.465,90.47,87.714,368500000
2018-11-29,91.33,91.4,88.85,89.775,87.041,334160000
2018-11-30,90.145,90.165,88.515,89.29,86.57,316252000
2018-12-03,92.23,92.47,90.605,92.41,89.595,326420000
2018-12-04,90.475,91.195,88.135,88.345,85.654,330754400
2018-12-06,85.88,87.39,85.21,87.36,84.699,344787200
2018-12-07,86.745,87.245,84.15,84.245,81.679,338252800
2018-12-10,82.5,85.045,81.665,84.8,82.217,496208000
2018-12-11,85.83,85.895,83.5,84.315,81.747,378253600
2018-12-12,85.2,85.96,84.51,84.55,81.975,285021600
2018-12-13,85.245,86.285,84.775,85.475,82.872,255188800
2018-12-14,84.5,84.54,82.64,82.74,80.22,325629600
2018-12-17,82.725,84.175,81.365,81.97,79.473,354303200
2018-12-18,82.69,83.765,82.195,83.035,80.506,270732000
2018-12-19,83.0,83.725,79.545,80.445,77.995,392378400
2018-12-20,80.2,81.055,77.65,78.415,76.027,518184000
2018-12-21,78.43,79.08,74.815,75.365,73.07,765956800
2018-12-24,74.075,75.775,73.295,73.415,71.179,297353600
2018-12-26,74.15,78.615,73.36,78.585,76.191,468660000
2018-12-27,77.92,78.385,75.035,78.075,75.697,424936800
2018-12-28,78.75,79.26,77.275,78.115,75.736,338331200
2018-12-31,79.265,79.68,78.24,78.87,76.468,280028000
2019-01-02,77.445,79.425,77.115,78.96,76.555,296317600
2019-01-03,71.99,72.86,71.0,71.095,68.93,730497600
2019-01-04,72.265,74.275,71.9,74.13,71.872,468856800
2019-01-07,74.35,74.415,72.95,73.965,71.712,438222400
2019-01-08,74.78,75.91,74.26,75.375,73.079,328202400
2019-01-09,75.645,77.265,74.815,76.655,74.32,360792800
2019-01-10,76.25,76.985,75.43,76.9,74.558,286245600
2019-01-11,76.44,76.85,75.755,76.145,73.826,216185600
2019-01-14,75.425,75.635,74.61,75.0,72.716,259513600
2019-01-15,75.135,76.695,75.025,76.535,74.204,229687200
2019-01-16,76.54,77.94,76.5,77.47,75.11,244557600
2019-01-17,77.1,78.83,76.63,77.93,75.556,238569600
2019-01-18,78.75,78.94,77.99,78.41,76.022,270008000
2019-01-22,78.205,78.365,76.31,76.65,74.315,243152000
2019-01-23,77.075,77.57,75.85,76.96,74.616,185044800
2019-01-24,77.055,77.24,75.87,76.35,74.025,203532000
2019-01-25,77.74,79.065,77.16,78.88,76.477,268284000
2019-01-28,77.895,78.165,76.83,78.15,75.77,209536800
2019-01-29,78.125,79.065,77.055,77.34,74.984,332697600
2019-01-30,81.625,83.075,80.115,82.625,80.108,488878400
2019-01-31,83.055,84.5,82.28,83.22,80.685,325916800
2019-02-01,83.48,84.49,82.965,83.26,80.724,261344800
2019-02-04,83.705,85.83,83.64,85.625,83.017,251964000
2019-02-05,86.43,87.54,86.175,87.09,84.437,288812800
2019-02-06,87.325,87.785,86.425,87.12,84.467,225916800
2019-02-07,86.2,86.97,85.17,85.47,82.867,253933600
2019-02-08,84.495,85.33,84.21,85.205,82.964,190560000
2019-02-11,85.525,85.605,84.625,84.715,82.487,167947200
2019-02-12,85.05,85.5,84.85,85.445,83.198,178268000
2019-02-13,85.695,86.24,84.96,85.09,82.852,179921600
2019-02-14,84.855,85.63,84.69,85.4,83.154,174685600
2019-02-15,85.625,85.85,84.875,85.21,82.969,197014400
2019-02-19,84.855,85.72,84.745,85.465,83.217,151782400
2019-02-20,85.595,86.66,85.495,86.015,83.753,208915200
2019-02-21,85.9,86.185,85.15,85.53,83.281,137997600
2019-02-22,85.79,86.5,85.69,86.485,84.21,151305600
2019-02-25,87.08,87.935,86.975,87.115,84.824,174987200
2019-02-26,86.855,87.65,86.585,87.165,84.873,136561600
2019-02-27,86.605,87.5,86.365,87.435,85.135,222683200
2019-02-28,87.16,87.455,86.46,86.575,84.298,225723200
2019-03-01,87.14,87.575,86.445,87.485,85.184,207089600
2019-03-04,87.845,88.875,86.985,87.925,85.613,219489600
2019-03-05,87.97,88.0,87.27,87.765,85.457,157899200
2019-03-06,87.335,87.745,86.97,87.26,84.965,166483200
2019-03-07,86.935,87.22,86.01,86.25,83.982,198371200
2019-03-08,85.16,86.535,84.75,86.455,84.181,191995200
2019-03-11,87.745,89.56,87.675,89.45,87.098,256088000
2019-03-12,90.0,91.335,89.685,90.455,88.076,259740800
2019-03-13,91.125,91.65,90.46,90.855,88.466,248260000
2019-03-14,91.95,92.05,91.28,91.865,89.449,188636000
2019-03-15,92.425,93.665,91.87,93.06,90.613,312343200
2019-03-18,92.9,94.195,92.895,94.01,91.538,209758400
2019-03-19,94.175,94.495,92.96,93.265,90.812,253171200
2019-03-20,93.115,94.745,92.365,94.08,91.606,248281600
2019-03-21,95.01,98.165,94.905,97.545,94.98,408273600
2019-03-22,97.67,98.845,95.39,95.525,93.013,339261600
2019-03-25,95.755,95.99,93.3,94.37,91.888,350762400
2019-03-26,95.83,96.44,92.29,93.395,90.939,398404000
2019-03-27,94.375,94.88,93.275,94.235,91.757,238787200
2019-03-28,94.475,94.78,93.765,94.36,91.878,166243200
2019-03-29,94.915,95.04,94.27,94.975,92.477,188512000
2019-04-01,95.82,95.84,94.19,95.62,93.105,222896000
2019-04-02,95.545,97.23,95.525,97.01,94.459,182125600
2019-04-03,96.625,98.25,96.575,97.675,95.106,186174400
2019-04-04,97.395,98.185,96.57,97.845,95.272,152914400
2019-04-05,98.225,98.55,97.965,98.5,95.909,148212800
2019-04-08,98.21,100.115,98.17,100.05,97.419,207053600
2019-04-09,100.16,101.425,99.615,99.75,97.127,286145600
2019-04-10,99.34,100.37,99.09,100.31,97.672,173562400
2019-04-11,100.425,100.5,99.22,99.475,96.859,167206400
2019-04-12,99.6,100.07,98.105,99.435,96.82,222085600
2019-04-15,99.29,99.925,99.005,99.615,96.995,140292800
2019-04-16,99.73,100.685,99.28,99.625,97.005,205571200
2019-04-17,99.77,101.69,99.305,101.565,98.894,231254400
2019-04-18,101.56,102.075,101.26,101.93,99.249,193566400
2019-04-22,101.415,102.47,101.17,102.265,99.575,155516000
2019-04-23,102.215,103.875,101.95,103.74,101.012,186584000
2019-04-24,103.68,104.24,103.525,103.58,100.856,140324800
2019-04-25,103.415,103.88,102.56,102.64,99.941,148345600
2019-04-26,102.45,102.5,101.06,102.15,99.463,149192800
2019-04-29,102.2,102.985,101.93,102.305,99.614,177637600
2019-04-30,101.53,101.7,99.555,100.335,97.696,372279200
2019-05-01,104.94,107.655,104.615,105.26,102.492,518618400
2019-05-02,104.92,106.325,104.065,104.575,101.825,255970400
2019-05-03,105.445,105.92,105.115,105.875,103.091,167139200
2019-05-06,102.145,104.42,101.75,104.24,101.499,259544800
2019-05-07,102.94,103.71,100.415,101.43,98.762,310109600
2019-05-08,100.95,102.67,100.875,101.45,98.782,210716000
2019-05-09,100.2,100.84,98.33,100.36,97.721,279268800
2019-05-10,98.71,99.425,96.385,98.59,96.367,329669600
2019-05-13,93.855,94.74,91.425,92.86,90.766,459444800
2019-05-14,93.205,94.85,92.705,94.33,92.203,292237600
2019-05-15,93.135,95.875,93.01,95.46,93.307,212357600
2019-05-16,94.955,96.235,94.42,95.04,92.897,264251200
2019-05-17,93.465,95.45,93.38,94.5,92.369,263032800
2019-05-20,91.76,92.175,90.14,91.545,89.481,308898400
2019-05-21,92.61,94.0,92.35,93.3,91.196,226918400
2019-05-22,92.33,92.855,91.275,91.39,89.329,237988800
2019-05-23,89.9,90.27,88.905,89.83,87.804,292237600
2019-05-24,90.1,91.07,89.31,89.485,87.467,189717600
2019-05-28,89.46,90.295,88.955,89.115,87.105,223585600
2019-05-29,88.21,89.675,88.0,88.69,86.69,227849600
2019-05-30,88.975,89.615,88.335,89.15,87.14,169747200
2019-05-31,88.115,88.995,87.495,87.535,85.561,216348800
2019-06-03,87.8,88.96,85.135,86.65,84.696,323168800
2019-06-04,87.72,89.915,87.26,89.82,87.795,247744000
2019-06-05,92.14,92.495,90.57,91.27,89.212,238187200
2019-06-06,91.54,92.735,91.075,92.61,90.522,180210400
2019-06-07,93.255,95.96,92.885,95.075,92.931,245475200
2019-06-10,95.905,97.685,95.81,96.29,94.119,209767200
2019-06-11,97.43,98.0,96.8,97.405,95.209,215463200
2019-06-12,96.975,97.985,96.695,97.095,94.906,146025600
2019-06-13,97.35,98.395,96.8,97.075,94.886,173396800
2019-06-14,95.775,96.795,95.15,96.37,94.197,150092000
2019-06-17,96.45,97.48,96.085,96.945,94.759,117352800
2019-06-18,98.025,100.145,97.605,99.225,96.987,212408000
2019-06-19,99.84,99.94,98.655,98.935,96.704,168993600
2019-06-20,100.185,100.305,99.015,99.73,97.481,172112000
2019-06-21,99.4,100.425,99.075,99.39,97.149,382404800
2019-06-24,99.27,100.08,99.085,99.29,97.051,145763200
2019-06-25,99.215,99.63,97.645,97.785,95.58,168562400
2019-06-26,98.885,100.495,98.675,99.9,97.647,208540000
2019-06-27,100.145,100.785,99.785,99.87,97.618,167197600
2019-06-28,99.34,99.75,98.525,98.96,96.728,248884800
2019-07-01,101.585,102.245,100.325,100.775,98.503,218024000
2019-07-02,100.705,101.565,100.68,101.365,99.079,135481600
2019-07-03,101.64,102.22,101.345,102.205,99.9,90896000
2019-07-05,101.675,102.54,101.45,102.115,99.812,138124000
2019-07-08,100.405,100.7,99.205,100.01,97.755,202708800
2019-07-09,99.6,100.755,99.405,100.62,98.351,164624000
2019-07-10,100.925,101.865,100.78,101.615,99.324,143176800
2019-07-11,101.655,102.195,100.855,100.875,98.6,161534400
2019-07-12,101.225,102.0,101.1,101.65,99.358,140761600
2019-07-15,102.045,102.935,102.0,102.605,100.291,135579200
2019-07-16,102.295,103.055,101.75,102.25,99.944,134934400
2019-07-17,102.025,102.545,101.635,101.675,99.382,112860000
2019-07-18,102.0,102.94,101.85,102.83,100.511,148324800
2019-07-19,102.895,103.25,101.18,101.295,99.011,167434400
2019-07-22,101.825,103.615,101.805,103.61,101.274,178223200
2019-07-23,104.23,104.455,103.645,104.42,102.065,146841600
2019-07-24,103.835,104.575,103.585,104.335,101.982,119932800
2019-07-25,104.445,104.62,103.365,103.51,101.176,111276800
2019-07-26,103.74,104.865,103.57,103.87,101.528,140951200
2019-07-29,104.23,105.32,104.22,104.84,102.476,173387200
2019-07-30,104.38,105.08,103.655,104.39,102.036,271485600
2019-07-31,108.21,110.685,105.65,106.52,104.118,554251200
2019-08-01,106.95,109.015,103.37,104.215,101.865,432143200
2019-08-02,102.765,103.215,100.815,102.01,99.71,326896800
2019-08-05,98.995,99.325,96.29,96.67,94.49,419144000
2019-08-06,98.155,99.035,97.02,98.5,96.279,286598400
2019-08-07,97.705,99.78,96.91,99.52,97.276,266915200
2019-08-08,100.1,101.765,99.695,101.715,99.421,216076000
2019-08-09,100.65,101.38,99.645,100.495,98.602,196957600
2019-08-12,99.81,101.025,99.575,100.24,98.352,179855200
2019-08-13,100.51,106.07,100.24,104.485,102.517,377748000
2019-08-14,101.58,103.22,101.295,101.375,99.465,292379200
2019-08-15,101.73,102.57,99.835,100.87,98.97,217819200
2019-08-16,102.14,103.58,101.92,103.25,101.305,220963200
2019-08-19,105.31,106.365,105.015,105.175,103.194,195308800
2019-08-20,105.44,106.675,105.16,105.18,103.199,215074400
2019-08-21,106.495,106.825,105.8,106.32,104.317,172283200
2019-08-22,106.595,107.22,105.375,106.23,104.229,178029600
2019-08-23,104.715,106.025,100.5,101.32,99.412,374544000
2019-08-26,102.93,103.595,102.53,103.245,101.3,208348800
2019-08-27,103.93,104.275,101.765,102.08,100.157,206986400
2019-08-28,102.05,102.86,101.66,102.765,100.829,127510400
2019-08-29,104.25,104.66,103.33,104.505,102.537,167924000
2019-08-30,105.08,105.225,103.6,104.37,102.404,169147200
2019-09-03,103.215,103.49,102.11,102.85,100.913,160184000
2019-09-04,104.195,104.74,103.66,104.595,102.625,153504800
2019-09-05,106.0,106.985,105.755,106.64,104.631,191309600
2019-09-06,107.025,107.21,106.255,106.63,104.621,154898400
2019-09-09,107.42,108.22,105.535,107.085,105.068,218475200
2019-09-10,106.93,108.39,105.855,108.35,106.309,254223200
2019-09-11,109.035,111.855,108.865,111.795,109.689,354316800
2019-09-12,112.4,113.21,111.43,111.545,109.444,257813600
2019-09-13,110.0,110.395,108.51,109.375,107.315,318106400
2019-09-16,108.865,110.065,108.78,109.95,107.879,169264800
2019-09-17,109.98,110.41,109.56,110.35,108.271,146549600
2019-09-18,110.53,111.425,109.72,111.385,109.287,202720000
2019-09-19,111.005,111.88,110.185,110.48,108.399,176484800
2019-09-20,110.69,111.28,108.735,108.865,106.814,443304800
2019-09-23,109.475,109.92,108.825,109.36,107.3,153324000
2019-09-24,110.515,111.245,108.595,108.84,106.79,249526400
2019-09-25,109.275,110.75,108.57,110.515,108.433,175227200
2019-09-26,110.0,110.47,109.415,109.945,107.874,150668000
2019-09-27,110.27,110.48,108.64,109.41,107.349,202816000
2019-09-30,110.45,112.29,110.395,111.985,109.876,207819200
2019-10-01,112.535,114.11,112.1,112.295,110.18,278446400
2019-10-02,111.53,111.79,108.965,109.48,107.418,276898400
2019-10-03,109.215,110.48,107.565,110.41,108.33,228852000
2019-10-04,112.82,113.745,111.945,113.505,111.367,276957600
2019-10-07,113.135,114.965,112.92,113.53,111.392,244612000
2019-10-08,112.91,114.03,112.165,112.2,110.087,223640000
2019-10-09,113.515,113.895,112.82,113.515,111.377,149540800
2019-10-10,113.965,115.22,113.65,115.045,112.878,226027200
2019-10-11,116.475,118.82,116.155,118.105,115.88,333591200
2019-10-14,117.45,119.065,117.335,117.935,115.714,192855200
2019-10-15,118.195,118.825,117.44,117.66,115.444,174720000
2019-10-16,116.685,117.62,116.6,117.185,114.978,147806400
2019-10-17,117.545,118.075,116.76,117.64,115.424,135170400
2019-10-18,117.295,118.79,117.145,118.205,115.978,194867200
2019-10-21,118.76,120.495,118.66,120.255,117.99,174494400
2019-10-22,120.58,121.1,119.81,119.98,117.72,164587200
2019-10-23,121.05,121.62,120.61,121.59,119.3,151657600
2019-10-24,122.255,122.4,120.905,121.79,119.496,138550400
2019-10-25,121.58,123.365,121.44,123.29,120.968,146954400
2019-10-28,123.71,124.625,123.36,124.525,122.179,193145600
2019-10-29,124.485,124.875,121.285,121.645,119.354,285679200
2019-10-30,122.38,122.65,120.605,121.63,119.339,249044000
2019-10-31,123.62,124.585,118.63,124.38,122.037,278324000
2019-11-01,124.77,127.965,124.58,127.91,125.501,302250400
2019-11-04,128.665,128.925,127.69,128.75,126.325,206544000
2019-11-05,128.525,129.095,128.16,128.565,126.143,159795200
2019-11-06,128.385,128.745,127.685,128.62,126.197,151728800
2019-11-07,129.37,130.175,129.055,129.715,127.654,189880800
2019-11-08,129.345,130.22,128.425,130.07,128.003,139972800
2019-11-11,129.15,131.235,129.14,131.1,129.017,163642400
2019-11-12,130.775,131.395,130.46,130.98,128.899,174777600
2019-11-13,130.565,132.39,130.535,132.235,130.134,205468800
2019-11-14,131.875,132.44,131.05,131.32,129.233,178365600
2019-11-15,131.84,132.89,131.505,132.88,130.768,200412800
2019-11-18,132.9,133.715,132.115,133.55,131.428,173406400
2019-11-19,133.95,134.0,132.695,133.145,131.029,152334400
2019-11-20,132.77,133.04,130.2,131.595,129.504,212468800
2019-11-21,131.845,132.005,130.59,131.005,128.923,242790400
2019-11-22,131.295,131.59,130.42,130.89,128.81,130650400
2019-11-25,131.355,133.22,131.26,133.185,131.069,168040800
2019-11-26,133.47,133.58,131.25,132.145,130.045,210415200
2019-11-27,132.79,133.99,132.655,133.92,131.792,130471200
2019-11-29,133.3,134.0,132.95,133.625,131.502,93235200
2019-12-02,133.635,134.125,131.725,132.08,129.981,188974400
2019-12-03,129.155,129.765,128.145,129.725,127.664,228860800
2019-12-04,130.535,131.655,130.34,130.87,128.79,134363200
2019-12-05,131.895,132.945,131.365,132.79,130.68,148848800
2019-12-06,133.74,135.5,133.65,135.355,133.204,212151200
2019-12-09,135.0,135.4,132.455,133.46,131.339,256084800
2019-12-10,134.3,135.035,132.93,134.24,132.107,180840800
2019-12-11,134.405,135.55,134.25,135.385,133.234,157513600
2019-12-12,133.89,136.28,133.66,135.73,133.573,274620800
2019-12-13,135.73,137.65,135.465,137.575,135.389,267175200
2019-12-16,138.5,140.395,138.49,139.93,137.706,256372000
2019-12-17,139.785,140.885,139.4,140.205,137.977,228316800
2019-12-18,139.9,140.95,139.56,139.87,137.647,232056800
2019-12-19,139.75,140.59,139.475,140.01,137.785,196738400
2019-12-20,141.115,141.325,139.28,139.72,137.5,551956000
2019-12-23,140.265,142.125,140.185,142.0,139.744,197144000
2019-12-24,142.345,142.445,141.46,142.135,139.876,96957600
2019-12-26,142.41,144.99,142.35,144.955,142.652,186242400
2019-12-27,145.56,146.985,144.06,144.9,142.597,292532000
2019-12-30,144.73,146.345,142.61,145.76,143.444,288228800
2019-12-31,144.965,146.84,144.76,146.825,144.492,201611200
2020-01-02,148.12,150.3,147.595,150.175,147.789,270960800
2020-01-03,148.575,150.29,148.25,148.715,146.352,292645600
2020-01-06,146.895,149.98,146.375,149.9,147.518,236774400
2020-01-07,149.92,150.45,148.74,149.195,146.824,217744000
2020-01-08,148.58,152.22,148.58,151.595,149.186,264158400
2020-01-09,153.62,155.215,153.1,154.815,152.355,340216800
2020-01-10,155.3,156.335,154.125,155.165,152.699,281289600
2020-01-13,155.82,158.535,155.575,158.48,155.962,243064000
2020-01-14,158.35,158.785,156.085,156.34,153.856,323908800
2020-01-15,155.925,157.75,154.775,155.67,153.196,243847200
2020-01-16,156.795,157.85,156.045,157.62,155.115,217658400
2020-01-17,158.135,159.37,157.5,159.365,156.833,275632800
2020-01-21,158.595,159.51,158.0,158.285,155.77,221686400
2020-01-22,159.29,159.995,158.655,158.85,156.326,203664800
2020-01-23,158.96,159.78,157.825,159.615,157.079,208944000
2020-01-24,160.125,161.665,158.76,159.155,156.626,293075200
2020-01-27,155.03,155.885,152.44,154.475,152.02,323880000
2020-01-28,156.3,159.2,156.095,158.845,156.321,324468000
2020-01-29,162.225,163.925,160.69,162.17,159.593,432458400
2020-01-30,160.27,162.045,159.375,161.935,159.362,253486400
2020-01-31,160.465,161.34,154.145,154.755,152.296,399176800
2020-02-03,152.15,156.745,151.11,154.33,151.878,347576800
2020-02-04,157.655,159.82,156.815,159.425,156.892,273232800
2020-02-05,161.76,162.38,159.475,160.725,158.171,237653600
2020-02-06,161.285,162.61,160.13,162.605,160.021,210851200
2020-02-07,161.185,161.7,159.0,160.015,157.846,235368000
2020-02-10,157.09,160.775,156.925,160.775,158.596,218697600
2020-02-11,161.8,161.95,159.355,159.805,157.639,188646400
2020-02-12,160.735,163.61,160.735,163.6,161.382,227460800
2020-02-13,162.095,163.11,161.675,162.435,160.233,189495200
2020-02-14,162.37,162.99,161.425,162.475,160.273,160227200
2020-02-18,157.68,159.875,157.305,159.5,157.338,305062400
2020-02-19,160.0,162.285,160.0,161.81,159.617,187968000
2020-02-20,161.315,162.325,159.105,160.15,157.979,201132000
2020-02-21,159.31,160.225,155.25,156.525,154.403,259108000
2020-02-24,148.63,152.09,144.615,149.09,147.069,444390400
2020-02-25,150.475,151.265,143.065,144.04,142.088,461347200
2020-02-26,143.265,148.94,143.25,146.325,144.342,396109600
2020-02-27,140.55,143.0,136.48,136.76,134.906,641211200
2020-02-28,128.63,139.205,128.185,136.68,134.827,853020000
2020-03-02,141.14,150.72,138.86,149.405,147.38,682794400
2020-03-03,151.835,152.0,142.9,144.66,142.699,638951200
2020-03-04,148.22,151.7,146.565,151.37,149.318,438356800
2020-03-05,147.76,149.775,145.705,146.46,144.475,375145600
2020-03-06,141.0,145.41,140.615,144.515,142.556,452353600
2020-03-09,131.875,139.045,131.5,133.085,131.281,573489600
2020-03-10,138.57,143.22,134.685,142.67,140.736,570580000
2020-03-11,138.695,140.61,135.93,137.715,135.848,511197600
2020-03-12,127.97,135.0,124.0,124.115,122.433,836948000
2020-03-13,132.445,139.96,126.475,138.985,137.101,741464000
2020-03-16,120.975,129.54,120.0,121.105,119.463,644847200
2020-03-17,123.755,128.805,119.2,126.43,124.716,648112000
2020-03-18,119.885,125.0,118.56,123.335,121.663,600467200
2020-03-19,123.695,126.42,121.305,122.39,120.731,543714400
2020-03-20,123.59,125.915,114.0,114.62,113.066,803386400
2020-03-23,114.04,114.25,106.305,112.185,110.664,673505600
2020-03-24,118.18,123.845,117.15,123.44,121.767,575062400
2020-03-25,125.375,129.125,122.15,122.76,121.096,607204000
2020-03-26,123.26,129.34,123.18,129.22,127.468,504174400
2020-03-27,126.375,127.935,123.525,123.87,122.191,408433600
2020-03-30,125.37,127.76,124.7,127.405,125.678,335952800
2020-03-31,127.8,131.245,126.0,127.145,125.422,394004000
2020-04-01,123.25,124.36,119.565,120.455,118.822,352436800
2020-04-02,120.17,122.575,118.45,122.465,120.805,331868000
2020-04-03,121.4,122.85,119.485,120.705,119.069,259760000
2020-04-06,125.45,131.555,124.69,131.235,129.456,403640800
2020-04-07,135.4,135.85,129.5,129.715,127.957,405774400
2020-04-08,131.37,133.685,130.615,133.035,131.232,337790400
2020-04-09,134.35,135.035,132.35,133.995,132.179,323669600
2020-04-13,134.155,136.85,132.915,136.625,134.773,262045600
2020-04-14,140.0,144.125,139.025,143.525,141.58,389989600
2020-04-15,141.2,143.165,140.315,142.215,140.287,262308800
2020-04-16,143.69,144.1,141.175,143.345,141.402,314250400
2020-04-17,142.345,143.475,138.43,141.4,139.483,430500000
2020-04-20,138.975,140.84,138.425,138.465,136.588,260030400
2020-04-21,138.14,138.625,132.715,134.185,132.366,361983200
2020-04-22,136.805,138.95,136.1,138.05,136.179,233724800
2020-04-23,137.935,140.875,137.435,137.515,135.651,249628800
2020-04-24,138.6,141.505,138.5,141.485,139.567,252322400
2020-04-27,140.9,142.27,139.975,141.585,139.666,234175200
2020-04-28,142.54,142.915,139.1,139.29,137.402,224009600
2020-04-29,142.365,144.835,141.945,143.865,141.915,274561600
2020-04-30,144.98,147.265,144.175,146.9,144.909,366128000
2020-05-01,143.125,149.5,142.925,144.535,142.576,481233600
2020-05-04,144.585,146.845,143.16,146.58,144.593,267136000
2020-05-05,147.53,150.5,147.23,148.78,146.763,295502400
2020-05-06,150.23,151.62,149.435,150.315,148.278,284667200
2020-05-07,151.61,152.585,150.985,151.87,149.811,230430400
2020-05-08,152.82,155.175,152.145,155.065,153.377,267676800
2020-05-11,154.05,158.525,153.62,157.505,155.791,291892800
2020-05-12,158.915,159.845,155.455,155.705,154.01,324602400
2020-05-13,156.075,157.975,151.605,153.825,152.151,401244800
2020-05-14,152.255,154.895,150.765,154.77,153.085,317858400
2020-05-15,150.175,153.95,150.105,153.855,152.18,332696800
2020-05-18,156.585,158.25,155.16,157.48,155.766,270356800
2020-05-19,157.515,159.26,156.505,156.57,154.866,203459200
2020-05-20,158.34,159.76,158.26,159.615,157.878,223009600
2020-05-21,159.33,160.445,157.935,158.425,156.701,205377600
2020-05-22,157.885,159.615,157.675,159.445,157.71,163606400
2020-05-26,161.75,162.12,158.25,158.365,156.641,251044000
2020-05-27,158.07,159.355,156.545,159.055,157.324,225890400
2020-05-28,158.385,161.72,157.815,159.125,157.393,267121600
2020-05-29,159.625,160.575,158.235,158.97,157.24,307064800
2020-06-01,158.875,161.175,158.605,160.925,159.173,161582400
2020-06-02,160.375,161.72,159.465,161.67,159.91,175285600
2020-06-03,162.33,163.1,161.15,162.56,160.791,208982400
2020-06-04,162.195,162.81,160.39,161.16,159.406,175120800
2020-06-05,161.675,165.875,161.615,165.75,163.946,274500800
2020-06-08,165.125,166.8,163.66,166.73,164.915,191308800
2020-06-09,166.07,172.805,166.005,171.995,170.123,295424800
2020-06-10,173.95,177.385,173.045,176.42,174.5,333303200
2020-06-11,174.655,175.53,167.74,167.95,166.122,403324800
2020-06-12,172.36,173.9,167.11,169.4,167.556,400292000
2020-06-15,166.625,172.84,166.29,171.495,169.628,277617600
2020-06-16,175.73,176.6,172.36,176.04,174.124,330857600
2020-06-17,177.575,177.7,175.545,175.795,173.882,228812800
2020-06-18,175.705,176.725,174.61,175.865,173.951,193640800
2020-06-19,177.32,178.28,172.575,174.86,172.957,528952000
2020-06-22,175.67,179.73,175.575,179.435,177.482,270890400
2020-06-23,182.0,186.19,181.135,183.265,181.27,424311200
2020-06-24,182.5,184.395,179.26,180.03,178.07,385246400
2020-06-25,180.35,182.5,178.785,182.42,180.434,275044800
2020-06-26,182.205,182.66,176.51,176.815,174.89,410513600
2020-06-29,176.625,181.085,175.64,180.89,178.921,261292000
2020-06-30,180.04,182.99,180.0,182.4,180.415,280446400
2020-07-01,182.56,183.68,181.955,182.055,180.073,221474400
2020-07-02,183.925,185.235,181.82,182.055,180.073,228083200
2020-07-06,185.0,187.89,184.935,186.925,184.89,237311200
2020-07-07,187.705,189.31,186.115,186.345,184.317,224848800
2020-07-08,188.36,190.75,188.18,190.685,188.609,234184000
2020-07-09,192.525,192.635,189.345,191.505,189.421,251285600
2020-07-10,190.67,191.96,189.41,191.84,189.752,180514400
2020-07-13,194.53,199.91,190.515,190.955,188.877,383298400
2020-07-14,189.68,194.51,187.755,194.115,192.002,341978400
2020-07-15,197.98,198.495,192.98,195.45,193.323,306396000
2020-07-16,193.125,194.81,191.81,193.045,190.944,221155200
2020-07-17,193.975,194.295,191.68,192.655,190.558,184373600
2020-07-20,192.835,197.0,192.125,196.715,194.574,180636000
2020-07-21,198.345,198.5,193.485,194.0,191.888,206866400
2020-07-22,193.385,195.95,193.205,194.545,192.427,178003200
2020-07-23,193.995,194.155,184.02,185.69,183.669,394008800
2020-07-24,181.975,185.94,178.29,185.23,183.214,370877600
2020-07-27,187.42,189.81,186.96,189.62,187.556,242428000
2020-07-28,188.735,189.1,186.495,186.505,184.475,207251200
2020-07-29,187.5,190.46,187.425,190.08,188.011,180658400
2020-07-30,188.375,192.595,187.535,192.38,190.286,316260000
2020-07-31,205.77,212.83,201.65,212.52,210.207,748673600
2020-08-03,216.4,223.275,215.785,217.875,215.504,616302400
2020-08-04,218.265,221.58,216.775,219.33,216.943,346143200
2020-08-05,218.755,220.785,217.795,220.125,217.729,243553600
2020-08-06,220.81,228.825,219.595,227.805,225.325,404857600
2020-08-07,226.41,227.35,220.585,222.225,220.202,396091200
2020-08-10,225.2,227.55,220.0,225.455,223.403,424807200
2020-08-11,223.94,224.965,218.215,218.75,216.759,375804800
2020-08-12,220.995,226.55,220.595,226.02,223.963,331196000
2020-08-13,228.86,232.085,227.855,230.02,227.927,420164000
2020-08-14,229.66,230.0,226.09,229.815,227.723,331130400
2020-08-17,232.125,232.175,227.925,229.215,227.129,239123200
2020-08-18,228.705,232.0,228.015,231.125,229.021,211267200
2020-08-19,231.965,234.325,231.22,231.415,229.309,291076000
2020-08-20,231.5,236.785,231.465,236.55,234.397,253814400
2020-08-21,238.525,249.735,238.5,248.74,246.476,676109600
2020-08-24,257.395,257.57,247.875,251.715,249.424,691875200
2020-08-25,249.395,250.36,246.105,249.65,247.378,422991200
2020-08-26,252.36,253.985,250.165,253.045,250.742,326044800
2020-08-27,254.285,254.97,247.665,250.02,247.745,311104800
2020-08-28,252.025,252.885,249.155,249.615,247.343,375260000
2020-08-31,255.16,262.0,252.0,258.08,255.731,451405400
2020-09-01,265.52,269.6,261.06,268.36,265.918,303896200
2020-09-02,275.18,275.96,254.0,262.8,260.408,400238000
2020-09-03,253.82,257.68,241.0,241.76,239.56,515199200
2020-09-04,240.14,247.4,221.78,241.92,239.718,665214400
2020-09-08,227.9,237.98,225.36,225.64,223.586,462733200
2020-09-09,234.52,238.28,230.52,234.64,232.505,353881000
2020-09-10,240.72,241.0,225.0,226.98,224.914,364548800
2020-09-11,229.14,230.46,220.0,224.0,221.961,361720600
2020-09-14,229.44,231.86,225.6,230.72,228.62,280300200
2020-09-15,236.66,237.66,227.22,231.08,228.977,369284000
2020-09-16,230.46,232.0,224.08,224.26,222.219,309358000
2020-09-17,219.44,224.4,217.42,220.68,218.672,356022000
2020-09-18,220.8,221.76,212.18,213.68,211.735,574209800
2020-09-21,209.08,220.38,206.2,220.16,218.156,391427600
2020-09-22,225.36,225.72,218.32,223.62,221.585,366110800
2020-09-23,223.24,224.22,213.54,214.24,212.29,301437400
2020-09-24,210.34,220.5,210.0,216.44,214.47,335486600
2020-09-25,216.86,224.88,215.34,224.56,222.516,299962800
2020-09-28,230.02,230.64,225.56,229.92,227.827,275344800
2020-09-29,229.1,230.62,227.14,228.18,226.103,198764400
2020-09-30,227.58,234.52,227.24,231.62,229.512,285350400
2020-10-01,235.28,235.44,231.66,233.58,231.454,232240800
2020-10-02,225.78,230.74,224.44,226.04,223.983,289424000
2020-10-05,227.82,233.3,227.1,233.0,230.879,212487600
2020-10-06,231.4,232.24,224.5,226.32,224.26,322996400
2020-10-07,229.24,231.1,228.26,230.16,228.065,193698000
2020-10-08,232.5,232.8,229.18,229.94,227.847,166954400
2020-10-09,230.56,234.0,229.84,233.94,231.811,201013800
2020-10-12,240.12,250.36,238.56,248.8,246.536,480453600
2020-10-13,250.54,250.78,239.3,242.2,239.996,524661000
2020-10-14,242.0,246.06,239.24,242.38,240.174,301424000
2020-10-15,237.44,242.4,236.3,241.42,239.223,225118400
2020-10-16,242.56,243.1,237.62,238.04,235.874,230787600
2020-10-19,239.92,240.84,231.32,231.96,229.849,241278600
2020-10-20,232.4,237.96,231.26,235.02,232.881,248847400
2020-10-21,233.34,237.42,232.9,233.74,231.613,179892000
2020-10-22,234.9,236.08,229.18,231.5,229.393,203976000
2020-10-23,232.78,233.1,228.56,230.08,227.986,165145200
2020-10-26,228.02,233.1,225.76,230.1,228.006,223701400
2020-10-27,230.98,234.56,229.08,233.2,231.078,184553600
2020-10-28,230.1,230.86,222.2,222.4,220.376,287875600
2020-10-29,224.74,233.86,224.4,230.64,228.541,292258400
2020-10-30,222.12,223.98,215.44,217.72,215.738,380545200
2020-11-02,218.22,221.36,214.64,217.54,215.56,245733800
2020-11-03,219.32,222.98,217.46,220.88,218.87,215248800
2020-11-04,228.28,231.18,224.7,229.9,227.808,276471000
2020-11-05,235.9,239.24,233.74,238.06,235.893,252774200
2020-11-06,236.64,238.4,232.26,237.38,235.625,228915800
2020-11-09,241.0,243.98,232.1,232.64,230.92,309030600
2020-11-10,231.1,235.18,228.26,231.94,230.226,276046800
2020-11-11,234.38,239.26,232.88,238.98,237.214,224590000
2020-11-12,239.24,241.06,237.14,238.42,236.658,206324600
2020-11-13,238.88,239.34,235.74,238.52,236.757,163163800
2020-11-16,237.84,241.98,236.3,240.6,238.822,182366000
2020-11-17,239.1,241.34,237.92,238.78,237.015,148542000
2020-11-18,237.22,239.64,236.0,236.06,234.315,152644200
2020-11-19,235.18,238.12,233.62,237.28,235.526,148226000
2020-11-20,237.28,237.54,234.58,234.68,232.945,147208600
2020-11-23,234.36,235.24,227.5,227.7,226.017,255918600
2020-11-24,227.82,231.7,225.18,230.34,228.637,227748400
2020-11-25,231.1,233.5,230.34,232.06,230.345,152998400
2020-11-27,233.14,234.98,232.44,233.18,231.456,93382600
2020-11-30,233.94,241.94,233.62,238.1,236.34,338820400
2020-12-01,242.02,246.94,240.02,245.44,243.626,255456400
2020-12-02,244.04,246.74,241.78,246.16,244.34,178008400
2020-12-03,247.04,247.56,244.42,245.88,244.063,157935200
2020-12-04,245.2,245.72,243.04,244.5,242.693,156520800
2020-12-07,244.62,249.14,244.5,247.5,245.671,173424000
2020-12-08,248.74,249.96,246.18,248.76,246.921,164451000
2020-12-09,249.06,251.9,242.0,243.56,241.76,230178400
2020-12-10,241.0,247.74,240.3,246.48,244.658,162624400
2020-12-11,244.86,245.52,241.1,244.82,243.01,173879600
2020-12-14,245.2,246.7,243.08,243.56,241.76,158369000
2020-12-15,248.68,255.8,248.26,255.76,253.87,314487400
2020-12-16,254.82,256.74,253.12,255.62,253.731,196417200
2020-12-17,257.8,259.16,256.08,257.4,255.497,188719600
2020-12-18,257.92,258.2,252.24,253.32,251.448,385083000
2020-12-21,250.04,256.62,246.9,256.46,254.564,242503200
2020-12-22,263.22,268.82,259.3,263.76,261.81,337809600
2020-12-23,264.32,264.86,261.56,261.92,259.984,176447400
2020-12-24,262.64,266.92,262.2,263.94,261.989,109860200
2020-12-28,267.98,274.68,267.02,273.38,271.359,248972400
2020-12-29,276.1,277.58,268.68,269.74,267.746,242094600
2020-12-30,271.16,271.98,266.8,267.44,265.463,192904200
2020-12-31,268.16,269.48,263.44,265.38,263.418,198233200
2021-01-04,267.04,267.22,253.52,258.82,256.907,286603800
2021-01-05,257.78,263.48,256.86,262.02,260.083,195329800
2021-01-06,255.44,262.1,252.76,253.2,251.328,310176000
2021-01-07,256.72,263.26,255.72,261.84,259.905,219156400
2021-01-08,264.86,265.26,260.46,264.1,262.148,210316400
2021-01-11,258.38,260.34,257.0,257.96,256.053,200769000
2021-01-12,257.0,259.38,253.72,257.6,255.696,183902200
2021-01-13,257.52,262.9,256.98,261.78,259.845,177273600
2021-01-14,261.6,262.0,257.52,257.82,255.914,180443600
2021-01-15,257.56,260.44,254.0,254.28,252.4,223197000
2021-01-19,255.56,257.42,253.88,255.66,253.77,181514600
2021-01-20,257.32,264.98,257.1,264.06,262.108,208639000
2021-01-21,267.6,279.34,267.18,273.74,271.717,240301800
2021-01-22,272.56,279.7,270.04,278.14,276.084,228918800
2021-01-25,286.14,290.18,273.08,285.84,283.727,315223400
2021-01-26,287.2,288.6,282.74,286.32,284.204,196781200
2021-01-27,286.86,288.6,280.82,284.12,282.02,281687600
2021-01-28,279.04,283.98,273.4,274.18,272.153,285242200
2021-01-29,271.66,273.48,260.42,263.92,261.969,355047600
2021-02-01,267.5,270.76,261.86,268.28,266.297,212479600
2021-02-02,271.46,272.62,269.22,269.98,267.984,166610800
2021-02-03,271.52,271.54,267.22,267.88,265.9,179761800
2021-02-04,272.6,274.8,269.18,274.78,272.749,168366200
2021-02-05,274.7,274.84,271.72,273.52,271.904,151387600
2021-02-08,272.06,273.92,269.84,273.82,272.202,142594400
2021-02-09,273.24,275.76,271.7,272.02,270.413,153548400
2021-02-10,272.96,273.98,268.8,270.78,269.18,146093200
2021-02-11,271.8,272.78,267.54,270.26,268.663,128560000
2021-02-12,268.7,271.06,267.38,270.74,269.14,120290200
2021-02-16,270.98,272.02,265.58,266.38,264.806,161152600
2021-02-17,262.5,264.44,258.94,261.68,260.134,195837000
2021-02-18,258.4,260.0,254.82,259.42,257.887,193713400
2021-02-19,260.48,261.42,257.6,259.74,258.205,175337600
2021-02-22,256.02,259.44,251.2,252.0,250.511,207832800
2021-02-23,247.52,253.42,236.78,251.72,250.233,316546000
2021-02-24,249.88,251.12,244.46,250.7,249.219,222079800
2021-02-25,249.36,252.92,241.08,241.98,240.55,296399000
2021-02-26,245.18,249.7,242.4,242.52,241.087,329120800
2021-03-01,247.5,255.86,245.58,255.58,254.07,232615800
2021-03-02,256.82,257.44,250.02,250.24,248.761,204521800
2021-03-03,249.62,251.42,243.68,244.12,242.678,225932600
2021-03-04,243.5,247.2,237.24,240.26,238.84,356310000
2021-03-05,241.96,243.88,235.14,242.84,241.405,307533200
2021-03-08,241.86,242.0,232.42,232.72,231.345,308753200
2021-03-09,238.06,244.12,237.58,242.18,240.749,259051600
2021-03-10,243.38,244.34,238.9,239.96,238.542,223886600
2021-03-11,245.08,246.42,242.52,243.92,242.479,206053000
2021-03-12,240.8,242.34,238.32,242.06,240.63,176210200
2021-03-15,242.82,248.0,240.84,247.98,246.515,184807600
2021-03-16,251.4,254.44,249.44,251.14,249.656,230455800
2021-03-17,248.1,251.72,244.68,249.52,248.046,223865200
2021-03-18,245.76,246.36,240.64,241.06,239.636,242459400
2021-03-19,239.8,242.86,239.36,239.98,238.562,371099000
2021-03-22,240.66,247.74,240.52,246.78,245.322,223824600
2021-03-23,246.66,248.48,244.28,245.08,243.632,190934200
2021-03-24,245.64,245.8,240.14,240.18,238.761,177061000
2021-03-25,239.08,243.32,238.0,241.18,239.755,197689400
2021-03-26,240.7,242.96,237.84,242.42,240.988,188142400
2021-03-29,243.3,245.16,241.46,242.78,241.346,161638400
2021-03-30,240.22,240.8,237.72,239.8,238.383,171343800
2021-03-31,243.3,247.04,242.3,244.3,242.857,236647600
2021-04-01,247.32,248.36,244.98,246.0,244.547,150178200
2021-04-05,247.74,252.32,246.14,251.8,250.312,177302400
2021-04-06,253.0,254.26,251.3,252.42,250.929,160342600
2021-04-07,251.66,255.84,250.28,255.8,254.289,166933400
2021-04-08,257.9,260.78,257.04,260.72,259.18,177689200
2021-04-09,259.6,266.08,258.94,266.0,264.428,213373400
2021-04-12,265.04,265.7,261.26,262.48,260.929,182840000
2021-04-13,264.88,269.32,263.86,268.86,267.271,182533000
2021-04-14,269.88,270.0,263.32,264.06,262.5,174445600
2021-04-15,267.64,270.0,267.28,269.0,267.411,178694200
2021-04-16,268.6,269.34,266.56,268.32,266.735,169844800
2021-04-19,267.02,270.94,266.68,269.68,268.087,188528400
2021-04-20,270.04,271.06,263.62,266.22,264.647,189624600
2021-04-21,264.72,267.5,262.6,267.0,265.422,137694200
2021-04-22,266.08,268.3,262.82,263.88,262.321,169133000
2021-04-23,264.32,270.24,264.32,268.64,267.053,157315000
2021-04-26,269.66,270.12,267.12,269.44,267.848,133810200
2021-04-27,270.02,270.82,268.22,268.78,267.192,132031600
2021-04-28,268.62,270.04,266.16,267.16,265.582,215520200
2021-04-29,272.94,274.14,264.9,266.96,265.383,302202000
2021-04-30,263.56,267.12,262.14,262.92,261.367,219679000
2021-05-03,264.08,268.14,263.66,265.08,263.514,150270200
2021-05-04,262.38,262.98,253.4,255.7,254.189,275129400
2021-05-05,258.4,260.9,255.94,256.2,254.686,168001800
2021-05-06,255.78,259.5,254.26,259.48,257.947,156256600
2021-05-07,261.7,262.52,258.96,260.42,259.321,157946600
2021-05-10,258.82,259.08,253.62,253.7,252.629,176142400
2021-05-11,247.0,252.54,245.54,251.82,250.757,252285600
2021-05-12,246.8,249.28,244.5,245.54,244.504,224344600
2021-05-13,249.16,252.3,248.52,249.94,248.885,211722600
2021-05-14,252.5,255.78,251.7,254.9,253.824,163836000
2021-05-17,253.64,253.86,250.34,252.54,251.474,148489200
2021-05-18,253.12,253.98,249.56,249.7,248.646,126685800
2021-05-19,246.32,249.84,245.72,249.38,248.328,185224000
2021-05-20,250.46,255.44,250.2,254.62,253.546,153714200
2021-05-21,255.64,256.0,250.42,250.86,249.801,158590800
2021-05-24,252.02,255.88,251.88,254.2,253.127,126185800
2021-05-25,255.64,256.64,252.64,253.8,252.729,144019000
2021-05-26,253.92,254.78,252.84,253.7,252.629,113151800
2021-05-27,252.88,255.28,250.16,250.56,249.503,189251200
2021-05-28,251.14,251.6,249.1,249.22,248.168,142622200
2021-06-01,250.16,250.7,247.88,248.56,247.511,135274200
2021-06-02,248.56,250.48,248.1,250.12,249.065,118557800
2021-06-03,249.36,249.7,246.26,247.08,246.037,152458400
2021-06-04,248.14,252.32,247.7,251.78,250.718,150338600
2021-06-07,252.34,252.64,249.66,251.8,250.737,142115200
2021-06-08,253.2,256.92,252.42,253.48,252.41,148807600
2021-06-09,254.42,255.5,253.04,254.26,253.187,113755800
2021-06-10,254.04,256.38,251.88,252.22,251.156,142372800
2021-06-11,253.06,254.88,252.2,254.7,253.625,107044800
2021-06-14,255.64,261.08,254.14,260.96,259.859,193813000
2021-06-15,259.88,261.2,258.78,259.28,258.186,125492600
2021-06-16,260.74,261.78,256.92,260.3,259.202,183630000
2021-06-17,259.6,265.1,259.3,263.58,262.468,193443400
2021-06-18,261.42,263.02,260.48,260.92,259.819,217906600
2021-06-21,260.6,264.82,258.42,264.6,263.483,159326600
2021-06-22,264.26,268.16,263.24,267.96,266.829,149567200
2021-06-23,267.54,268.64,266.46,267.4,266.272,120428400
2021-06-24,268.9,269.28,265.86,266.82,265.694,137422000
2021-06-25,266.92,267.78,265.62,266.22,265.097,141567400
2021-06-28,266.82,270.5,266.7,269.56,268.422,124222600
2021-06-29,269.6,272.98,268.7,272.66,271.509,129112200
2021-06-30,272.34,274.82,271.74,273.92,272.764,126522800
2021-07-01,273.2,274.66,271.52,274.54,273.382,104971600
2021-07-02,275.8,280.0,275.5,279.92,278.739,157705200
2021-07-06,280.14,286.3,280.14,284.04,282.841,216363600
2021-07-07,287.08,289.78,285.32,289.14,287.92,209823200
2021-07-08,283.16,288.12,281.34,286.48,285.271,211151000
2021-07-09,285.5,291.3,285.3,290.22,288.995,199781600
2021-07-12,292.42,292.64,288.0,289.0,287.78,152599400
2021-07-13,288.06,294.92,287.26,291.28,290.051,201654200
2021-07-14,296.2,299.14,295.36,298.3,297.041,254101600
2021-07-15,298.48,300.0,294.18,296.96,295.707,213640600
2021-07-16,296.92,299.52,291.76,292.78,291.544,186502800
2021-07-19,287.5,288.14,283.34,284.9,283.698,242869200
2021-07-20,286.92,294.2,285.92,292.3,291.067,192700000
2021-07-21,291.06,292.26,289.26,290.8,289.573,149987000
2021-07-22,291.88,296.4,291.62,293.6,292.361,154676400
2021-07-23,295.1,297.44,293.84,297.12,295.866,142894800
2021-07-26,296.54,299.66,295.4,297.98,296.723,144868200
2021-07-27,298.24,298.42,291.1,293.54,292.301,209637200
2021-07-28,289.62,293.94,285.08,289.96,288.736,237862400
2021-07-29,289.38,293.1,289.16,291.28,290.051,113399000
2021-07-30,288.76,292.66,288.22,291.72,290.489,140764000
2021-08-02,292.72,293.9,290.5,291.04,289.812,125760000
2021-08-03,291.62,296.08,290.36,294.72,293.476,129573200
2021-08-04,294.54,295.58,292.56,293.9,292.66,112736600
2021-08-05,293.96,295.68,292.34,294.12,292.879,92795400
2021-08-06,292.7,294.22,291.26,292.28,291.483,108134800
2021-08-09,292.4,293.4,291.04,292.18,291.383,97817400
2021-08-10,292.88,295.42,290.6,291.2,290.406,138046200
2021-08-11,292.1,293.44,291.06,291.72,290.924,96987000
2021-08-12,292.38,298.1,291.68,297.78,296.968,144565200
2021-08-13,297.94,298.88,296.54,298.2,297.387,118637600
2021-08-16,297.08,302.38,292.94,302.24,301.415,206592000
2021-08-17,300.46,303.36,298.18,300.38,299.561,184459400
2021-08-18,299.6,301.44,292.3,292.72,291.921,172652000
2021-08-19,290.06,296.0,289.0,293.4,292.6,173920600
2021-08-20,294.88,297.0,293.56,296.38,295.572,119894800
2021-08-23,296.62,300.38,295.78,299.42,298.603,120263600
2021-08-24,298.9,301.72,298.3,299.24,298.424,97212800
2021-08-25,299.62,300.64,295.6,296.72,295.911,117982600
2021-08-26,296.7,298.24,295.02,295.08,294.275,97194400
2021-08-27,294.96,297.5,293.66,297.2,296.389,111443000
2021-08-30,298.0,306.98,297.22,306.24,305.405,181913400
2021-08-31,305.32,305.6,302.58,303.66,302.832,172906200
2021-09-01,305.66,309.96,304.68,305.02,304.188,160627400
2021-09-02,307.74,309.44,304.8,307.3,306.462,142231000
2021-09-03,307.52,309.26,306.18,308.6,307.758,115617400
2021-09-07,309.94,314.52,308.78,313.38,312.525,164556600
2021-09-08,313.96,314.08,307.96,310.22,309.374,148840400
2021-09-09,310.98,312.22,307.9,308.14,307.299,114611400
2021-09-10,310.0,310.96,297.4,297.94,297.127,281292800
2021-09-13,301.26,302.84,297.5,299.1,298.284,204808600
2021-09-14,300.7,302.14,293.82,296.24,295.432,218592600
2021-09-15,297.12,298.88,292.74,298.06,297.247,166562600
2021-09-16,296.88,297.94,294.44,297.58,296.768,136068200
2021-09-17,297.64,297.64,291.52,292.12,291.323,259737600
2021-09-20,287.6,289.68,282.54,285.88,285.1,246957800
2021-09-21,287.86,289.2,285.56,286.86,286.077,151668000
2021-09-22,288.9,292.86,287.4,291.7,290.904,152808600
2021-09-23,293.3,294.16,291.28,293.66,292.859,129676400
2021-09-24,291.32,294.94,291.12,293.84,293.038,106955800
2021-09-27,290.94,291.92,287.64,290.74,289.947,148301400
2021-09-28,286.5,289.5,283.38,283.82,283.046,217944600
2021-09-29,284.94,288.9,284.06,285.66,284.881,149204000
2021-09-30,287.32,288.76,282.56,283.0,282.228,177868400
2021-10-01,283.8,285.84,278.22,285.3,284.522,189279200
2021-10-04,283.52,284.42,276.54,278.28,277.521,196644000
2021-10-05,278.98,284.48,278.72,282.22,281.45,161722200
2021-10-06,278.94,284.3,276.74,284.0,283.225,166442200
2021-10-07,286.12,288.44,285.44,286.58,285.798,123465400
2021-10-08,288.06,288.36,285.12,285.8,285.02,117437400
2021-10-11,284.54,289.62,283.62,285.62,284.841,128904400
2021-10-12,286.46,286.5,282.08,283.02,282.248,146071800
2021-10-13,282.48,282.8,278.4,281.82,281.051,157525400
2021-10-14,284.22,287.76,283.02,287.52,286.736,139814200
2021-10-15,287.54,289.8,287.02,289.68,288.89,135770400
2021-10-18,286.9,293.68,286.32,293.1,292.3,171178400
2021-10-19,294.02,298.34,293.1,297.52,296.708,152757800
2021-10-20,297.4,299.5,296.24,298.52,297.706,116837600
2021-10-21,297.62,299.28,295.74,298.96,298.144,122842000
2021-10-22,299.38,300.36,297.28,297.38,296.569,117766800
2021-10-25,297.36,298.74,295.24,297.28,296.469,101441200
2021-10-26,298.66,301.68,298.02,298.64,297.825,121786800
2021-10-27,298.72,299.46,296.98,297.7,296.888,112189800
2021-10-28,299.64,306.34,299.44,305.14,304.308,200155800
2021-10-29,294.44,299.88,292.82,299.6,298.783,249700800
2021-11-01,297.98,299.4,295.6,297.92,297.107,149176600
2021-11-02,297.32,303.14,297.3,300.04,299.222,138244000
2021-11-03,300.78,303.94,299.64,302.98,302.154,109023000
2021-11-04,303.16,304.86,301.28,301.92,301.096,120789200
2021-11-05,303.78,304.4,300.12,302.56,302.175,130829200
2021-11-08,302.82,303.14,300.32,300.88,300.497,110041800
2021-11-09,300.4,302.86,300.12,301.62,301.236,113575800
2021-11-10,300.04,300.26,295.7,295.84,295.464,130374200
2021-11-11,297.92,298.86,295.36,295.74,295.364,82000000
2021-11-12,296.86,300.8,294.96,299.98,299.598,127265200
2021-11-15,300.74,303.76,298.86,300.0,299.618,118445600
2021-11-16,299.88,302.98,298.68,302.0,301.616,118512400
2021-11-17,302.0,310.0,301.98,306.98,306.589,177614000
2021-11-18,307.42,317.34,306.1,315.74,315.338,275655400
2021-11-19,315.3,322.04,313.06,321.1,320.691,234611200
2021-11-22,323.36,331.4,322.0,322.04,321.63,234935800
2021-11-23,322.24,323.6,318.12,322.82,322.409,192083800
2021-11-24,321.5,324.28,319.28,323.88,323.468,138927200
2021-11-26,319.14,320.9,312.72,313.62,313.221,153919600
2021-11-29,318.74,322.38,317.58,320.48,320.072,177496400
2021-11-30,319.98,331.04,319.84,330.6,330.179,348096200
2021-12-01,334.96,340.6,329.06,329.54,329.121,304105000
2021-12-02,317.48,328.4,315.6,327.52,327.103,273478400
2021-12-03,328.04,329.92,319.44,323.68,323.268,235876600
2021-12-06,328.58,335.76,328.56,330.64,330.219,214994000
2021-12-07,338.16,343.16,336.68,342.36,341.924,240810800
2021-12-08,344.26,351.92,341.4,350.16,349.714,233997800
2021-12-09,349.82,353.5,347.84,349.12,348.676,217847400
2021-12-10,350.42,359.26,349.38,358.9,358.443,230456200
2021-12-13,362.24,364.26,351.06,351.48,351.033,306474000
2021-12-14,350.5,355.48,344.42,348.66,348.216,278760800
2021-12-15,350.22,359.0,344.62,358.6,358.144,262126600
2021-12-16,358.56,362.28,341.5,344.52,344.082,300371600
2021-12-17,339.86,346.94,339.38,342.28,341.844,390865400
2021-12-20,336.56,341.16,334.92,339.5,339.068,214998200
2021-12-21,343.12,346.4,338.24,345.98,345.54,182371800
2021-12-22,346.08,351.72,344.3,351.28,350.833,184270600
2021-12-23,351.7,353.7,350.54,352.56,352.111,136713200
2021-12-27,354.18,360.84,354.14,360.66,360.201,149839200
2021-12-28,360.32,362.66,357.06,358.58,358.124,158288600
2021-12-29,358.66,361.26,356.28,358.76,358.303,124697800
2021-12-30,358.94,361.14,356.18,356.4,355.947,119546000
